System ID, System Name,School ID - School Name,KK-12 % FRL
601,Appling County, 0277 - Appling County Primary School,93.66
601,Appling County, 0195 - Appling County Middle School,73.15
601,Appling County, 0177 - Appling County Elementary School,87.45
601,Appling County, 5050 - Fourth District Elementary School,83.82
601,Appling County, 1050 - Altamaha Elementary School,72.17
601,Appling County, 0103 - Appling County High School,72.24
602,Atkinson County, 0187 - Willacoochee Elementary School,90.65
602,Atkinson County, 0103 - Atkinson County High School,80.22
602,Atkinson County, 0111 - Atkinson County Middle School,85.86
602,Atkinson County, 0190 - Pearson Elementary School,85.99
761,Atlanta Public Schools, 5566 - F. L. Stanton Elementary School,*
761,Atlanta Public Schools, 5567 - Fred A. Toomer Elementary School,77.49
761,Atlanta Public Schools, 0605 - KIPP WAYS Academy Charter School,*
761,Atlanta Public Schools, 3057 - Continental Colony Elementary School,*
761,Atlanta Public Schools, 3059 - Fain Elementary School,*
761,Atlanta Public Schools, 3065 - Peyton Forest Elementary School,*
761,Atlanta Public Schools, 3067 - Willis A. Sutton Middle School,41.17
761,Atlanta Public Schools, 0192 - North Atlanta High School,40.66
761,Atlanta Public Schools, 0196 - Cascade Elementary School,*
761,Atlanta Public Schools, 0199 - Centennial Place Academy (Charter),75.2
761,Atlanta Public Schools, 0201 - Charles R. Drew Charter School,59.48
761,Atlanta Public Schools, 0206 - Atlanta Neighborhood Charter - Middle,29.06
761,Atlanta Public Schools, 0207 - Hillside Conant School,69.33
761,Atlanta Public Schools, 0296 - T. J. Perkerson Elementary School,*
761,Atlanta Public Schools, 0303 - Bolton Academy Elementary ,67.2
761,Atlanta Public Schools, 0282 - Jean Childs Young Middle School,*
761,Atlanta Public Schools, 0288 - Judson Price Middle School,*
761,Atlanta Public Schools, 3559 - R. N. Fickett Elementary School,*
761,Atlanta Public Schools, 4058 - Frederick Douglass High School,*
761,Atlanta Public Schools, 4063 - M. A. Jones Elementary School,*
761,Atlanta Public Schools, 4066 - Thomas Heathe Slater Elementary School,*
761,Atlanta Public Schools, 4560 - Midtown High School,42.86
761,Atlanta Public Schools, 3566 - William J. Scott Elementary School,*
761,Atlanta Public Schools, 3569 - Whitefoord Elementary School,*
761,Atlanta Public Schools, 4056 - Cleveland Avenue Elementary School,*
761,Atlanta Public Schools, 0116 - Springdale Park Elementary School,15.7
761,Atlanta Public Schools, 0112 - Booker T. Washington High School - Banking  Finance and Investment Small Sc,*
761,Atlanta Public Schools, 0114 - Booker T. Washington High School - Health  Sciences and Nutrition Small Sch,*
761,Atlanta Public Schools, 0708 - Therrell School of Health and Science - C,*
761,Atlanta Public Schools, 0413 - Adamsville Primary School,*
761,Atlanta Public Schools, 0120 - Coretta Scott King Young Women's Academy Middle School - C,*
761,Atlanta Public Schools, 0213 - KIPP Strive Primary Charter School,*
761,Atlanta Public Schools, 0121 - Old Coretta Scott King Young Women's Academy High School,*
761,Atlanta Public Schools, 0122 - KIPP VISION Charter School,*
761,Atlanta Public Schools, 0123 - The Kindezi School,70.53
761,Atlanta Public Schools, 0124 - Intown Charter Academy,*
761,Atlanta Public Schools, 0313 - Latin Academy Charter School,*
761,Atlanta Public Schools, 0513 - Miles Elementary School,*
761,Atlanta Public Schools, 0613 - Woodson Primary School,*
761,Atlanta Public Schools, 0713 - Grove Park Intermediate School,*
761,Atlanta Public Schools, 0115 - Kipp Strive Charter School,66.48
761,Atlanta Public Schools, 0113 - Booker T. Washington - Early College Small School,*
761,Atlanta Public Schools, 0214 - KIPP Vision Primary Charter School,83.49
761,Atlanta Public Schools, 0314 - Westside Atlanta Charter School,45.9
761,Atlanta Public Schools, 0118 - The Best Academy High School at Benjamin S. Carson,*
761,Atlanta Public Schools, 1208 - Wesley International Academy Charter,45.48
761,Atlanta Public Schools, 0408 - South Atlanta School of Computer Animation and Design,*
761,Atlanta Public Schools, 0608 - Therrell School of Engineering  Math  and Science - C,*
761,Atlanta Public Schools, 0508 - Therrell School of Law  Government and Public Policy - C,*
761,Atlanta Public Schools, 5066 - Barack and Michelle Obama Academy,*
761,Atlanta Public Schools, 5067 - Thomasville Heights Elementary School,*
761,Atlanta Public Schools, 5558 - Paul L. Dunbar Elementary School,*
761,Atlanta Public Schools, 5562 - Joseph Humphries Elementary School,*
761,Atlanta Public Schools, 5563 - Kennedy Middle School,*
761,Atlanta Public Schools, 0212 - Kipp Atlanta Collegiate Charter School,*
761,Atlanta Public Schools, 0208 - South Atlanta Law and Social Justice School,*
761,Atlanta Public Schools, 1408 - The Best Academy at Benjamin S. Carson,*
761,Atlanta Public Schools, 5051 - Benteen Elementary School,*
761,Atlanta Public Schools, 5056 - Coan Middle School,*
761,Atlanta Public Schools, 1052 - Bethune Elementary School,*
761,Atlanta Public Schools, 1053 - William M.Boyd Elementary School,*
761,Atlanta Public Schools, 1063 - Emma Hutchinson Elementary School,*
761,Atlanta Public Schools, 1064 - L. O. Kimberly Elementary School,*
761,Atlanta Public Schools, 1066 - E. Rivers Elementary School,40.75
761,Atlanta Public Schools, 0100 - Herman J. Russell West End Academy,*
761,Atlanta Public Schools, 0101 - Parkside Elementary School,79.27
761,Atlanta Public Schools, 0103 - Heritage Academy Elementary School,*
761,Atlanta Public Schools, 1664 - Morningside Elementary School,7.9
761,Atlanta Public Schools, 2053 - Morris Brandon Elementary School,10.24
761,Atlanta Public Schools, 2057 - Connally Elementary School,*
761,Atlanta Public Schools, 1068 - Towns Elementary School,*
761,Atlanta Public Schools, 1560 - Garden Hills Elementary School,76.1
761,Atlanta Public Schools, 1563 - David T Howard Middle School,38.63
761,Atlanta Public Schools, 1567 - Sara Rawson Smith Elementary School,20.21
761,Atlanta Public Schools, 0104 - John Wesley Dobbs Elementary School,*
761,Atlanta Public Schools, 0105 - Finch Elementary,*
761,Atlanta Public Schools, 0106 - Carver High School Early College,*
761,Atlanta Public Schools, 0173 - Crawford Long Middle School,*
761,Atlanta Public Schools, 0180 - Ralph Bunche Middle School,*
761,Atlanta Public Schools, 0182 - Benjamin E. Mays High School,74.58
761,Atlanta Public Schools, 0186 - Maynard Jackson High School,*
761,Atlanta Public Schools, 0188 - Sylvan Hills Middle School,*
761,Atlanta Public Schools, 0108 - South Atlanta School of Health and Medical Science,*
761,Atlanta Public Schools, 0304 - Deerwood Academy ,*
761,Atlanta Public Schools, 0305 - Burgess-Peterson Elementary School,75.34
761,Atlanta Public Schools, 0306 - School of Technology at Carver,*
761,Atlanta Public Schools, 0373 - Martin L. King Jr. Middle School,*
761,Atlanta Public Schools, 0403 - Hank Aaron New Beginnings Academy,*
761,Atlanta Public Schools, 0406 - School of Health Sciences and Research at Carver,*
761,Atlanta Public Schools, 0504 - Harper-Archer Middle School,*
761,Atlanta Public Schools, 0505 - Atlanta Neighborhood Charter - Elementary,13.43
761,Atlanta Public Schools, 0506 - The School of the Arts at Carver,*
761,Atlanta Public Schools, 0604 - Bazoline E. Usher/Collier Heights Elementary School,*
761,Atlanta Public Schools, 2062 - The John Hope-Charles Walter Hill Elementary Schools,*
761,Atlanta Public Schools, 2560 - Charles L. Gideons Elementary School,*
761,Atlanta Public Schools, 2563 - Jackson Elementary School,6.87
761,Atlanta Public Schools, 2564 - Mary Lin Elementary School,12.42
761,Atlanta Public Schools, 2568 - Venetian Hills Elementary School,*
761,Atlanta Public Schools, 2569 - West Manor Elementary School,69.54
761,Atlanta Public Schools, 2664 - Crim High School,*
761,Atlanta Public Schools, 3051 - Beecher Hills Elementary School,*
603,Bacon County, 0102 - Bacon County Primary School,74.07
603,Bacon County, 0202 - Bacon County Middle School,66.88
603,Bacon County, 0302 - Bacon County High School,61.35
603,Bacon County, 3050 - Bacon County Elementary School,69.04
604,Baker County, 0105 - Baker County High School,81.82
605,Baldwin County, 0199 - Creekside Elementary School,67.67
605,Baldwin County, 0195 - Blandy Hills Elementary School,83.66
605,Baldwin County, 0189 - Baldwin High School,74.8
605,Baldwin County, 0194 - Midway Elementary School,87.72
605,Baldwin County, 0104 - Eagle Ridge Elementary School,*
605,Baldwin County, 0100 - Oak Hill MS,83.89
606,Banks County, 0205 - Banks County Primary School,68.74
606,Banks County, 0199 - Banks County High School,59.86
606,Banks County, 0107 - Banks County Elementary School,68.4
606,Banks County, 0105 - Banks County Middle School,67.04
607,Barrow County, 0289 - Russell Middle School,61.5
607,Barrow County, 0298 - Yargo Elementary School,53.48
607,Barrow County, 1050 - Auburn Elementary School,70.1
607,Barrow County, 3052 - Winder-Barrow High School,51.64
607,Barrow County, 0106 - Haymon-Morris Middle School,58.26
607,Barrow County, 0189 - Kennedy Elementary School,77.01
607,Barrow County, 0193 - Bramlett Elementary School,44.87
607,Barrow County, 0198 - Westside Middle School,64.72
607,Barrow County, 0101 - Apalachee High School,55.42
607,Barrow County, 0105 - County Line Elementary School,72.42
607,Barrow County, 0205 - Bethlehem Elementary School,64.38
607,Barrow County, 0114 - Bear Creek Middle School,64.36
607,Barrow County, 5050 - Statham Elementary School,64.76
607,Barrow County, 0113 - Snodon Preparatory School,71.59
607,Barrow County, 4050 - Holsenbeck Elementary School,65.78
608,Bartow County, 0377 - Hamilton Crossing Elementary School,63.18
608,Bartow County, 0301 - Adairsville Middle School,56.6
608,Bartow County, 0296 - Kingston Elementary School,83.24
608,Bartow County, 0196 - Allatoona Elementary School,81.19
608,Bartow County, 0195 - Cass Middle School,64.29
608,Bartow County, 0190 - Red Top Middle School,72.84
608,Bartow County, 0186 - Mission Road Elementary School,57.11
608,Bartow County, 0177 - Adairsville Elementary School,63.53
608,Bartow County, 0175 - White Elementary School,60.68
608,Bartow County, 0107 - Euharlee Elementary School,57.45
608,Bartow County, 0114 - Cass High School,57.68
608,Bartow County, 0115 - Cloverleaf Elementary,67.71
608,Bartow County, 0198 - Woodland High School,49.77
608,Bartow County, 0106 - Pine Log Elementary,62.72
608,Bartow County, 0396 - Taylorsville Elementary School,60.36
608,Bartow County, 2052 - Emerson Elementary School,76.26
608,Bartow County, 0105 - Adairsville High School,51.86
608,Bartow County, 0104 - Clear Creek Elementary School,64.29
608,Bartow County, 0101 - Woodland Middle School at Euharlee,56.82
609,Ben Hill County, 0196 - Ben Hill County Primary School,85.52
609,Ben Hill County, 0291 - Fitzgerald High School School College and Career Academy,81.34
609,Ben Hill County, 0111 - Ben Hill Elementary School,81.06
609,Ben Hill County, 0296 - Ben Hill County Middle School,79.61
610,Berrien County, 5050 - Berrien Primary School,77.18
610,Berrien County, 0195 - Berrien Elementary School,67.24
610,Berrien County, 0194 - Berrien Middle School,73.33
610,Berrien County, 0106 - Berrien Academy Performance Learning Center,83.56
610,Berrien County, 0101 - Berrien High School,60.03
611,Bibb County, 0109 - Bruce Elementary School,*
611,Bibb County, 0805 - Riley Elementary School,*
611,Bibb County, 0905 - Morgan Elementary School,*
611,Bibb County, 1005 - Brookdale Elementary School,*
611,Bibb County, 1050 - Alexander II Magnet School,52.9
611,Bibb County, 1054 - Bernd Elementary School,92.86
611,Bibb County, 1058 - King - Danforth Elementary School,*
611,Bibb County, 1067 - Porter Elementary School,69.35
611,Bibb County, 1105 - Springdale Elementary School,36.02
611,Bibb County, 1205 - Carter Elementary School,62.82
611,Bibb County, 1305 - Lane Elementary School,89.71
611,Bibb County, 2060 - Hartley Elementary School,*
611,Bibb County, 5067 - Rice Elementary School,*
611,Bibb County, 3060 - Heard Elementary School,61.04
611,Bibb County, 3062 - Jones Elementary School,94.93
611,Bibb County, 3067 - Ingram/Pye Elementary School,*
611,Bibb County, 4052 - Barden Elementary School,*
611,Bibb County, 5050 - Appling Middle School,93.53
611,Bibb County, 5054 - Burghard Elementary School,*
611,Bibb County, 0186 - Central High School,78.83
611,Bibb County, 0198 - Westside High School,85.66
611,Bibb County, 0203 - Vineville Academy,74.95
611,Bibb County, 0204 - Rutland High School,66.03
611,Bibb County, 0205 - Howard Middle School,68.16
611,Bibb County, 0286 - Northeast High School,86.21
611,Bibb County, 0298 - Miller Magnet Middle School,86.27
611,Bibb County, 0303 - William S. Hutchings Career Center,89.15
611,Bibb County, 0305 - Rutland Middle School,72.29
611,Bibb County, 0307 - Price Academy,93.75
611,Bibb County, 0383 - Williams Elementary School,*
611,Bibb County, 0386 - Southwest High School,93.66
611,Bibb County, 0405 - Rosa Taylor Elementary School,80.8
611,Bibb County, 0407 - LakeBridge Behavioral Health System,66.67
611,Bibb County, 0505 - Weaver Middle School,93.37
611,Bibb County, 0605 - Heritage Elementary School,75.26
611,Bibb County, 0705 - Union Elementary School,*
611,Bibb County, 0103 - Skyview Elementary School,63.38
611,Bibb County, 0104 - Burdell Elementary School,*
611,Bibb County, 0105 - Howard High School,61.3
611,Bibb County, 0107 - Bloomfield Middle School,*
611,Bibb County, 0108 - Ballard Hudson Middle School,*
612,Bleckley County, 0112 - Bleckley Middle School,60.04
612,Bleckley County, 1050 - Bleckley County Primary School,65.18
612,Bleckley County, 0197 - Bleckley County Elementary School,61.24
612,Bleckley County, 0105 - Bleckley County High School,53.68
613,Brantley County, 3050 - Nahunta Primary School,71.93
613,Brantley County, 2050 - Hoboken Elementary School,58.7
613,Brantley County, 1050 - Brantley County High School,58.68
613,Brantley County, 0194 - Brantley County Middle School,67.96
613,Brantley County, 0294 - Nahunta Elementary School,68.13
613,Brantley County, 0110 - Atkinson Elementary School,86.06
613,Brantley County, 0101 - Waynesville Primary School,80.88
763,Bremen City, 0110 - Bremen 4th & 5th Grade Academy,26.58
763,Bremen City, 2050 - Jones Elementary School,29.95
763,Bremen City, 0201 - Bremen High School,21.75
763,Bremen City, 0209 - Bremen Middle School,25.41
614,Brooks County, 0393 - North Brooks Elementary School,*
614,Brooks County, 0110 - Brooks County High School,*
614,Brooks County, 0193 - Quitman Elementary School,*
614,Brooks County, 0197 - Brooks County Middle School,*
615,Bryan County, 0502 - Bryan County High School,67.16
615,Bryan County, 0402 - Bryan County Middle School,71.16
615,Bryan County, 0286 - Bryan County Elementary School,71.3
615,Bryan County, 0302 - Richmond Hill Elementary School,31.43
615,Bryan County, 0282 - Lanier Primary School,71.73
615,Bryan County, 0202 - Richmond Hill Primary School,32.25
615,Bryan County, 0199 - Richmond Hill Middle School,32.49
615,Bryan County, 0182 - Richmond Hill High School,23.53
615,Bryan County, 0101 - Dr. George Washington Carver Elementary School,30.57
764,Buford City, 0196 - Buford Elementary School,53.6
764,Buford City, 0191 - Buford High School,35.67
764,Buford City, 0104 - Buford Middle School,46.19
764,Buford City, 0100 - Buford Academy,50.65
616,Bulloch County, 5050 - Mattie Lively Elementary School,71.46
616,Bulloch County, 5054 - Sallie Zetterower Elementary School,57.99
616,Bulloch County, 4052 - Portal Middle/High School,65.42
616,Bulloch County, 3054 - Stilson Elementary School,63.99
616,Bulloch County, 0198 - William James Middle School,51.63
616,Bulloch County, 2050 - Julia P. Bryant Elementary School,52.54
616,Bulloch County, 2054 - Statesboro High School,59.89
616,Bulloch County, 0199 - Langston Chapel Elementary School,88.6
616,Bulloch County, 0200 - Brooklet Elementary School,45.98
616,Bulloch County, 0203 - Southeast Bulloch High School,45.89
616,Bulloch County, 0299 - Langston Chapel Middle School,78.1
616,Bulloch County, 0300 - Southeast Bulloch Middle School,52.88
616,Bulloch County, 0399 - Portal Elementary School,73.14
616,Bulloch County, 0107 - Nevils Elementary School,60.86
616,Bulloch County, 0100 - Mill Creek Elementary School,76.3
617,Burke County, 0288 - Burke County High School,*
617,Burke County, 2056 - Waynesboro Primary School,*
617,Burke County, 0196 - S G A Elementary School,*
617,Burke County, 0188 - Burke County Middle School,*
617,Burke County, 0104 - Blakeney Elementary,*
618,Butts County, 0100 - Henderson Middle School,77.31
618,Butts County, 0190 - Jackson High School,77.34
618,Butts County, 0111 - Jackson Elementary School,77.31
618,Butts County, 0104 - Hampton L. Daughtry Elementary School,77.42
618,Butts County, 0108 - Stark Elementary School,77.36
765,Calhoun City, 0305 - Calhoun Primary School,68.77
765,Calhoun City, 3050 - Calhoun High School,53.26
765,Calhoun City, 0405 - Calhoun Elementary School,63.68
765,Calhoun City, 0205 - Calhoun Middle School,60.52
619,Calhoun County, 0113 - Calhoun County High School,*
619,Calhoun County, 0179 - Calhoun County Elementary School,94.79
619,Calhoun County, 0213 - Calhoun County Middle School,87.01
620,Camden County, 0193 - Kingsland Elementary School,60.05
620,Camden County, 0192 - Woodbine Elementary School,66.2
620,Camden County, 0495 - Mary Lee Clark Elementary School,41.91
620,Camden County, 0295 - Camden County High School,43.49
620,Camden County, 0100 - Mamie Lou Gross Elementary School,66.59
620,Camden County, 0105 - Saint Marys Middle School,48.85
620,Camden County, 0187 - Crooked River Elementary School,56.4
620,Camden County, 0195 - David L Rainer Elementary School,63.38
620,Camden County, 0197 - Sugarmill Elementary,44.64
620,Camden County, 0182 - Camden Middle School,58.06
620,Camden County, 0110 - Saint Marys Elementary School,59.56
620,Camden County, 0189 - Matilda Harris Elementary School,40.52
621,Candler County, 0101 - Metter High School ,67.2
621,Candler County, 0102 - Metter Middle School,71.01
621,Candler County, 0202 - Metter Intermediate School,74.5
621,Candler County, 0302 - Metter Elementary School,79.94
622,Carroll County, 2050 - Bowdon Elementary School,73.43
622,Carroll County, 1054 - Temple Elementary School,81.24
622,Carroll County, 0705 - Villa Rica Elementary School,79.66
622,Carroll County, 0605 - Glanton-Hindsman Elementary,70.29
622,Carroll County, 0477 - Whitesburg Elementary School,65.58
622,Carroll County, 0405 - Ithica Elementary ,63.62
622,Carroll County, 0189 - Temple High School,63.05
622,Carroll County, 0305 - Villa Rica Middle,73.05
622,Carroll County, 0198 - Bay Springs Middle School,64.59
622,Carroll County, 0208 - Mt. Zion Middle School ,76.15
622,Carroll County, 0212 - Mt. Zion High School,71.36
622,Carroll County, 0115 - Providence Elementary School,62.53
622,Carroll County, 0112 - KidsPeace,*
622,Carroll County, 0377 - Roopville Elementary School,58.86
622,Carroll County, 0177 - Central Middle School,65.88
622,Carroll County, 0176 - Mount Zion Elementary School,79.07
622,Carroll County, 0102 - Temple Middle School,71.67
622,Carroll County, 0101 - Bowdon Middle School,67.31
622,Carroll County, 0100 - Sharp Creek Elementary School,79.89
622,Carroll County, 5054 - Villa Rica High School,59.88
622,Carroll County, 5052 - Sand Hill Elementary School,66.62
622,Carroll County, 2052 - Central High School,58.57
622,Carroll County, 3050 - Bowdon High School,58.14
622,Carroll County, 5050 - Central Elementary School,58.82
766,Carrollton City, 0193 - Carrollton Elementary School,65.2
766,Carrollton City, 1050 - Carrollton High School,48.77
766,Carrollton City, 1550 - Carrollton Middle School,57.47
766,Carrollton City, 0106 - Carrollton Upper Elementary,56.29
767,Cartersville City, 0277 - Cartersville Middle School,56.38
767,Cartersville City, 0177 - Cartersville Primary School,68.27
767,Cartersville City, 0191 - Cartersville Elementary School,59.4
767,Cartersville City, 2050 - Cartersville High School,43.68
623,Catoosa County, 3052 - Ringgold Elementary School,50.53
623,Catoosa County, 0109 - Heritage High School,30.71
623,Catoosa County, 4052 - Ringgold High School,44.22
623,Catoosa County, 5050 - Graysville Elementary School,48.95
623,Catoosa County, 5052 - Ringgold Middle School,56.06
623,Catoosa County, 0100 - Ringgold Primary School,55.56
623,Catoosa County, 0102 - Battlefield Primary,61.52
623,Catoosa County, 0103 - Battlefield Elementary School,47.7
623,Catoosa County, 0105 - Woodstation Elementary School,43
623,Catoosa County, 0185 - Tiger Creek Elementary School,67.61
623,Catoosa County, 0205 - Heritage Middle School,37.91
623,Catoosa County, 1050 - Boynton Elementary School,36.41
623,Catoosa County, 1052 - Lakeview-Fort Oglethorpe High School,57.16
623,Catoosa County, 1054 - West Side Elementary School,76.51
623,Catoosa County, 2552 - Lakeview Middle School,67.64
623,Catoosa County, 3050 - Cloud Springs Elementary School,76.12
624,Charlton County, 0199 - Folkston Elementary School,84.21
624,Charlton County, 0287 - Charlton County High School,58.04
624,Charlton County, 4050 - St. George Elementary School,76.67
624,Charlton County, 0112 - Bethune Middle School,75.86
626,Chattahoochee County, 0106 - Chattahoochee County Middle School,78.62
626,Chattahoochee County, 0206 - Chattahoochee County High School,57.87
626,Chattahoochee County, 0101 - Chattahoochee County Education Center,74.73
627,Chattooga County, 0106 - Leroy Massey Elementary School,88.23
627,Chattooga County, 1050 - Chattooga High School,76.07
627,Chattooga County, 2052 - Summerville Middle School,90.59
627,Chattooga County, 3050 - Menlo Elementary School,66.67
627,Chattooga County, 0111 - Chattooga Academy,47.92
627,Chattooga County, 2050 - Lyerly Elementary School,75.82
628,Cherokee County, 0199 - Holly Springs Elementary School,44.46
628,Cherokee County, 0203 - Liberty Elementary School,22.73
628,Cherokee County, 0205 - Freedom Middle School,16.68
628,Cherokee County, 0287 - Teasley Middle School,56.82
628,Cherokee County, 1052 - Clayton Elementary School,44.48
628,Cherokee County, 2054 - Oak Grove Elementary School,64.87
628,Cherokee County, 3052 - Hickory Flat Elementary School,16.18
628,Cherokee County, 5050 - Cherokee High School,39.6
628,Cherokee County, 5052 - Macedonia Elementary School,13.85
628,Cherokee County, 0397 - Arnold Mill Elementary School,24.46
628,Cherokee County, 0505 - Free Home Elementary School,30.03
628,Cherokee County, 0297 - Woodstock Middle School,39.62
628,Cherokee County, 0305 - Creekland Middle School,17.69
628,Cherokee County, 0198 - R. M. Moore Elementary School,51.05
628,Cherokee County, 0197 - Woodstock High School,25.7
628,Cherokee County, 0196 - Bascomb Elementary School,9.72
628,Cherokee County, 0193 - Sixes Elementary School,12.76
628,Cherokee County, 0191 - Sequoyah High School,23.24
628,Cherokee County, 0313 - Clark Creek Elementary School,53.85
628,Cherokee County, 0213 - Ball Ground Elementary School,40.52
628,Cherokee County, 0115 - River Ridge High School,24.69
628,Cherokee County, 0116 - Indian Knoll Elementary,34
628,Cherokee County, 0509 - J. Knox Elementary,28.72
628,Cherokee County, 0409 - Canton Elementary,91.64
628,Cherokee County, 0190 - Mountain Road Elementary School,20.38
628,Cherokee County, 0113 - Mill Creek Middle School,29.77
628,Cherokee County, 0309 - Little River Elem.,26.64
628,Cherokee County, 0189 - Boston Elementary School,39.5
628,Cherokee County, 0187 - Dean Rusk Middle School,28.26
628,Cherokee County, 0101 - Carmel Elementary School,43.66
628,Cherokee County, 0104 - Woodstock Elementary School,46.71
628,Cherokee County, 0105 - William G. Hasty  Sr. Elementary School,82.12
628,Cherokee County, 0106 - Creekview High School,16.2
628,Cherokee County, 0108 - Avery Elementary School,19.68
628,Cherokee County, 0176 - Etowah High School,24.1
628,Cherokee County, 0181 - E. T. Booth Middle School,32.5
628,Cherokee County, 0182 - Johnston Elementary School,40.29
769,Chickamauga City, 0111 - Gordon Lee Middle School,28.53
769,Chickamauga City, 0211 - Gordon Lee High School,18.53
769,Chickamauga City, 1050 - Chickamauga Elementary School,26.04
773,City Schools of Decatur, 0212 - Glennwood Elementary School,19.03
773,City Schools of Decatur, 0112 - Fifth Avenue Upper Elementary School,15.67
773,City Schools of Decatur, 0105 - Oakhurst Elementary School,14.03
773,City Schools of Decatur, 3050 - Decatur High School,20.61
773,City Schools of Decatur, 0505 - Clairemont Elementary School,16.62
773,City Schools of Decatur, 1552 - Beacon Hill Middle School,23.37
773,City Schools of Decatur, 0405 - Winnona Park Elementary School,14.14
629,Clarke County, 3056 - Barrow Elementary School,53.09
629,Clarke County, 3058 - Fowler Drive Elementary School,*
629,Clarke County, 4060 - Oglethorpe Avenue Elementary School,92.53
629,Clarke County, 5056 - Johnnie Lay Burks Elementary School,62.33
629,Clarke County, 5058 - Hilsman Middle School,80.42
629,Clarke County, 5556 - Clarke Central High School,77.38
629,Clarke County, 0112 - Judia Jackson Harris Elementary,*
629,Clarke County, 0102 - Cedar Shoals High School,80.07
629,Clarke County, 0104 - Classic City High School,59.69
629,Clarke County, 0105 - Bettye Henderson Holston Elementary School,*
629,Clarke County, 0178 - Timothy Elementary School,57.33
629,Clarke County, 0191 - Cleveland Road Elementary School,92.57
629,Clarke County, 0196 - Coile Middle School,*
629,Clarke County, 0205 - Gaines Elementary School,*
629,Clarke County, 0291 - Howard B. Stroud Elementary School,*
629,Clarke County, 0296 - Burney-Harris-Lyons Middle School,92.95
629,Clarke County, 0391 - Whit Davis Road Elementary School,68.64
629,Clarke County, 1058 - Clarke Middle School,72.48
629,Clarke County, 1062 - Whitehead Road Elementary School,89.67
629,Clarke County, 2056 - Barnett Shoals Elementary School,58.13
629,Clarke County, 2062 - Winterville Elementary School,86.79
630,Clay County, 0114 - Clay County Academies,*
630,Clay County, 0204 - Clay County Elementary,*
630,Clay County, 0104 - Clay County Middle School,*
631,Clayton County, 0176 - Mount Zion Elementary School,*
631,Clayton County, 0177 - Adamson Middle School,*
631,Clayton County, 0181 - Pointe South Elementary School,*
631,Clayton County, 0190 - Lovejoy High School,*
631,Clayton County, 0191 - Lovejoy Middle School,*
631,Clayton County, 0195 - River's Edge Elementary School,*
631,Clayton County, 0197 - Kendrick Middle School,*
631,Clayton County, 0199 - Hawthorne Elementary School,*
631,Clayton County, 0200 - Roberta T. Smith Elementary School,*
631,Clayton County, 0100 - M. D. Roberts Middle School,*
631,Clayton County, 0103 - Callaway Elementary School,*
631,Clayton County, 0104 - Mundy's Mill High School,*
631,Clayton County, 0105 - Thurgood Marshall Elementary School,*
631,Clayton County, 0106 - Jonesboro Middle School,*
631,Clayton County, 0107 - Sequoyah Middle School,*
631,Clayton County, 0115 - Charles R. Drew High School,*
631,Clayton County, 0114 - Elite Scholars Academy School,*
631,Clayton County, 0117 - Morrow Middle School,*
631,Clayton County, 0109 - Mount Zion Primary,*
631,Clayton County, 0116 - Eddie White Middle School,*
631,Clayton County, 0207 - Rex Mill Middle School,*
631,Clayton County, 0276 - Oliver Elementary School,*
631,Clayton County, 0277 - Pointe South Middle School,*
631,Clayton County, 0290 - Mount Zion High School,*
631,Clayton County, 0295 - Lake Ridge Elementary School,*
631,Clayton County, 0304 - James Jackson Elementary School,*
631,Clayton County, 0305 - Kemp Elementary School,*
631,Clayton County, 0307 - Unidos Dual Language School,*
631,Clayton County, 0377 - Riverdale High School,*
631,Clayton County, 1050 - Anderson Elementary School,*
631,Clayton County, 1052 - East Clayton Elementary School,*
631,Clayton County, 1054 - Forest Park High School,*
631,Clayton County, 1056 - Jonesboro High School,*
631,Clayton County, 1058 - Lee Street Elementary School,*
631,Clayton County, 1060 - Northcutt Elementary School,*
631,Clayton County, 1062 - Tara Elementary School,*
631,Clayton County, 1550 - Arnold Elementary School,*
631,Clayton County, 2052 - North Clayton High School,*
631,Clayton County, 2054 - Forest Park Middle School,*
631,Clayton County, 2058 - Morrow Elementary School,*
631,Clayton County, 2060 - Riverdale Elementary School,*
631,Clayton County, 2062 - West Clayton Elementary School,*
631,Clayton County, 2554 - Fountain Elementary School,*
631,Clayton County, 3050 - Babb Middle School,*
631,Clayton County, 3052 - North Clayton Middle School,*
631,Clayton County, 3054 - Haynie Elementary School,*
631,Clayton County, 3060 - Riverdale Middle School,*
631,Clayton County, 4050 - Church Street Elementary School,*
631,Clayton County, 4056 - Lake City Elementary School,*
631,Clayton County, 4058 - Morrow High School,*
631,Clayton County, 4060 - Suder Elementary School,*
631,Clayton County, 5052 - Edmonds Elementary School,*
631,Clayton County, 5054 - Huie Elementary School,*
631,Clayton County, 5056 - William M. McGarrah Elementary School,*
631,Clayton County, 5060 - Swint Elementary School,*
631,Clayton County, 0203 - Harper Elementary School,*
631,Clayton County, 0204 - Martin Luther King  Jr. Elementary School,*
631,Clayton County, 0175 - Brown Elementary School,*
631,Clayton County, 0205 - Kemp Primary,*
631,Clayton County, 0173 - Kilpatrick Elementary School,*
631,Clayton County, 0174 - Mundys Mill Middle School,*
632,Clinch County, 0101 - Clinch County Elementary School,83.61
632,Clinch County, 1050 - Clinch County High School,66.52
632,Clinch County, 0201 - Clinch County Middle School,74.22
633,Cobb County, 0190 - Dowell Elementary School,71.32
633,Cobb County, 0309 - Betty Gray Middle School,86.03
633,Cobb County, 0110 - Z - International Academy of Smyrna,45.72
633,Cobb County, 0118 - Mableton Elementary School,81.97
633,Cobb County, 0292 - Ford Elementary School,7.12
633,Cobb County, 0290 - Campbell Middle School,84.4
633,Cobb County, 0214 - Smyrna Elementary School,74.16
633,Cobb County, 0188 - Pope High School,10.5
633,Cobb County, 0117 - Clarkdale Elementary School,82.31
633,Cobb County, 0114 - East Side Elementary School,5.62
633,Cobb County, 0394 - Hightower Trail Middle School,9.33
633,Cobb County, 0397 - Green Acres Elementary School,*
633,Cobb County, 0398 - Sanders Elementary School,86.48
633,Cobb County, 2062 - King Springs Elementary School,36.21
633,Cobb County, 2066 - Osborne High School,83.22
633,Cobb County, 0287 - Lewis Elementary School,42.96
633,Cobb County, 2560 - Griffin Middle School,80.88
633,Cobb County, 3054 - Clay Elementary School,91.59
633,Cobb County, 3056 - South Cobb High School,75.88
633,Cobb County, 3058 - Fair Oaks Elementary School,*
633,Cobb County, 3060 - Harmony-Leland Elementary School,63.69
633,Cobb County, 3062 - LaBelle Elementary School,94.76
633,Cobb County, 3064 - Milford Elementary School,90.11
633,Cobb County, 3067 - Russell Elementary School,77.23
633,Cobb County, 3556 - Compton Elementary School,86.67
633,Cobb County, 4050 - Awtrey Middle School,35.77
633,Cobb County, 4056 - Daniell Middle School,47.27
633,Cobb County, 4066 - Pebblebrook High School,75.42
633,Cobb County, 4068 - Teasley Elementary School,32.2
633,Cobb County, 0294 - Smitha Middle School,85.19
633,Cobb County, 0297 - Frey Elementary School,19.17
633,Cobb County, 0298 - Cheatham Hill Elementary School,36.94
633,Cobb County, 0299 - Durham Middle School,15.71
633,Cobb County, 0302 - Acworth Elementary School,67.4
633,Cobb County, 0304 - Kennesaw Charter School,27.24
633,Cobb County, 0307 - Riverside Elementary School,94.88
633,Cobb County, 0373 - Sprayberry High School,41.82
633,Cobb County, 0375 - Murdock Elementary School,10.08
633,Cobb County, 0378 - Rocky Mount Elementary School,12.32
633,Cobb County, 0381 - Lassiter High School,11.6
633,Cobb County, 0388 - Davis Elementary School,11.39
633,Cobb County, 0389 - Simpson Middle School,13.81
633,Cobb County, 0391 - Nicholson Elementary School,43.86
633,Cobb County, 4560 - Hollydale Elementary School,84.44
633,Cobb County, 5050 - Bells Ferry Elementary School,45.64
633,Cobb County, 0107 - McCall Primary School,61.38
633,Cobb County, 0109 - Pickett's Mill Elementary School,19.17
633,Cobb County, 0173 - Birney Elementary School,87.17
633,Cobb County, 0175 - Walton High School,5.97
633,Cobb County, 0178 - Mabry Middle School,11.36
633,Cobb County, 0180 - Still Elementary School,24.45
633,Cobb County, 0181 - Tritt Elementary School,5.49
633,Cobb County, 0184 - McCleskey Middle School,37.55
633,Cobb County, 0185 - Garrison Mill Elementary School,9.79
633,Cobb County, 0187 - Keheley Elementary School,22.15
633,Cobb County, 0189 - Baker Elementary School,41.87
633,Cobb County, 0191 - Varner Elementary School,49.25
633,Cobb County, 0192 - Harrison High School,8.32
633,Cobb County, 0194 - Hayes Elementary School,63.37
633,Cobb County, 0101 - Kennesaw Mountain High School,30.64
633,Cobb County, 0197 - Vaughan Elementary School,13.13
633,Cobb County, 0198 - Chalker Elementary School,32.07
633,Cobb County, 0199 - Nickajack Elementary School,39.77
633,Cobb County, 0202 - Lindley Middle School,88.81
633,Cobb County, 0203 - Kemp Elementary School,17.84
633,Cobb County, 0204 - Pitner Elementary School,49.94
633,Cobb County, 0207 - Austell Elementary School,79.76
633,Cobb County, 0209 - Allatoona High School,22.01
633,Cobb County, 0273 - Kincaid Elementary School,23.12
633,Cobb County, 0275 - Dodgen Middle School,7.05
633,Cobb County, 0278 - Mount Bethel Elementary School,#
633,Cobb County, 0280 - Pine Mountain Middle School,47.57
633,Cobb County, 0281 - Dickerson Middle School,5.33
633,Cobb County, 0102 - City View Elementary School,94.26
633,Cobb County, 0103 - Kell High School,31.27
633,Cobb County, 0288 - Mountain View Elementary School,14.43
633,Cobb County, 0289 - Addison Elementary School,34.44
633,Cobb County, 0291 - Shallowford Falls Elementary School,7.72
633,Cobb County, 0104 - Bullard Elementary School,21.35
633,Cobb County, 5052 - Brumby Elementary School,82.48
633,Cobb County, 5056 - Due West Elementary School,14.82
633,Cobb County, 5058 - Floyd Middle School,81.18
633,Cobb County, 5067 - Sedalia Park Elementary School,58.95
633,Cobb County, 5068 - Eastvalley Elementary School,32.48
633,Cobb County, 0399 - Blackwell Elementary School,43.07
633,Cobb County, 0402 - Hendricks Elementary School,76.2
633,Cobb County, 0404 - Kennesaw Elementary School,40.58
633,Cobb County, 0407 - Barber Middle School,56.66
633,Cobb County, 0475 - Tapp Middle School,64.15
633,Cobb County, 0478 - Sope Creek Elementary School,5.2
633,Cobb County, 0489 - Powder Springs Elementary School,75.19
633,Cobb County, 0491 - Timber Ridge Elementary School,#
633,Cobb County, 0499 - Lost Mountain Middle School,11.52
633,Cobb County, 0502 - Cooper Middle School,73.01
633,Cobb County, 0504 - Big Shanty Elementary School,41.04
633,Cobb County, 0507 - McClure Middle School,22.46
633,Cobb County, 0592 - Bryant Elementary School,91.47
633,Cobb County, 0602 - Palmer Middle School,40.36
633,Cobb County, 0607 - Lovinggood Middle School,26.01
633,Cobb County, 0707 - Hillgrove High School,20.72
633,Cobb County, 0807 - Devereux Ackerman Academy,*
633,Cobb County, 1052 - Belmont Hills Elementary School,*
633,Cobb County, 1054 - Campbell High School,61.61
633,Cobb County, 1056 - East Cobb Middle School,67.92
633,Cobb County, 1060 - Garrett Middle School,85.05
633,Cobb County, 1064 - McEachern High School,60.3
633,Cobb County, 1066 - Norton Park Elementary School,91.1
633,Cobb County, 1067 - Powers Ferry Elementary School,88.86
633,Cobb County, 1069 - Wheeler High School,45.6
633,Cobb County, 2050 - Argyle Elementary School,88.31
633,Cobb County, 2056 - North Cobb High School,41.59
634,Coffee County, 0114 - Wiregrass Regional College and Career Academy,84.75
634,Coffee County, 0100 - Indian Creek Elementary,66.56
634,Coffee County, 0102 - Ambrose Elementary School ,78.75
634,Coffee County, 0108 - Coffee Middle School,75.69
634,Coffee County, 0182 - Satilla Elementary School,87.11
634,Coffee County, 5050 - Westside Elementary School,79.63
634,Coffee County, 0195 - Coffee County High School,65.97
634,Coffee County, 0282 - Eastside Elementary School,79.61
634,Coffee County, 0291 - Nicholls Elementary School,78.19
634,Coffee County, 0308 - George Washington Carver Freshman Campus,68.39
634,Coffee County, 3052 - West Green Elementary School,76
634,Coffee County, 0191 - Broxton-Mary Hayes Elementary,82.48
635,Colquitt County, 3052 - CA Gray Junior High School,*
635,Colquitt County, 3054 - Okapilco Elementary School,*
635,Colquitt County, 4050 - Cox Elementary School,*
635,Colquitt County, 4052 - Hamilton Elementary School,*
635,Colquitt County, 5054 - Sunset Elementary School,*
635,Colquitt County, 0111 - Willie J. Williams Middle School,*
635,Colquitt County, 0112 - Colquitt County Achievement Center,*
635,Colquitt County, 0178 - Doerun Elementary School,*
635,Colquitt County, 0187 - Odom Elementary School,*
635,Colquitt County, 0278 - Norman Park Elementary School,*
635,Colquitt County, 1554 - Colquitt County High School,60.69
635,Colquitt County, 2052 - Funston Elementary School,*
635,Colquitt County, 2056 - Wright Elementary School,*
635,Colquitt County, 3050 - Stringfellow Elementary School,*
636,Columbia County, 0102 - Lewiston Elementary School,19.81
636,Columbia County, 4052 - North Harlem Elementary School,67.85
636,Columbia County, 0106 - River Ridge Elementary,14.61
636,Columbia County, 0107 - Evans Middle School,37.42
636,Columbia County, 0108 - Stallings Island Middle School,18.04
636,Columbia County, 0173 - Westmont Elementary School,60.65
636,Columbia County, 0183 - Harlem High School,40.19
636,Columbia County, 0186 - Evans Elementary School,36.66
636,Columbia County, 0188 - Blue Ridge Elementary School,32.33
636,Columbia County, 0189 - Lakeside High School,22.47
636,Columbia County, 0190 - Brookwood Elementary School,49.42
636,Columbia County, 0192 - Stevens Creek Elementary School,19.14
636,Columbia County, 0193 - Riverside Middle School,14.21
636,Columbia County, 0194 - Riverside Elementary School,14.4
636,Columbia County, 0197 - Greenbrier High School,9.47
636,Columbia County, 0208 - Cedar Ridge Elementary School,45.57
636,Columbia County, 0283 - Harlem Middle School,54.84
636,Columbia County, 0290 - Lakeside Middle School,49.78
636,Columbia County, 0297 - Greenbrier Elementary School,11.68
636,Columbia County, 2052 - Martinez Elementary School,49.07
636,Columbia County, 3052 - North Columbia Elementary School,40.88
636,Columbia County, 4050 - Evans High School,29.08
636,Columbia County, 0101 - Greenbrier Middle School,13.92
636,Columbia County, 0112 - Grovetown High School,38.31
636,Columbia County, 0212 - Baker Place Elementary,27.87
636,Columbia County, 5050 - Grovetown Elementary School,72.06
636,Columbia County, 5052 - South Columbia Elementary School,63.64
636,Columbia County, 0397 - Euchee Creek Elementary School,50.1
636,Columbia County, 2050 - Columbia Middle School,36.15
636,Columbia County, 0103 - Grovetown Middle School,52.62
771,Commerce City, 0112 - Commerce High School,55.79
771,Commerce City, 1050 - Commerce Elementary School,65.12
771,Commerce City, 0105 - Commerce Middle School,60.82
771,Commerce City, 0104 - Commerce Primary,67.49
637,Cook County, 0111 - Cook High School,60.09
637,Cook County, 0196 - Cook Primary School,71.87
637,Cook County, 0104 - Cook Elementary School,73.01
637,Cook County, 0101 - Cook County Middle School,68.92
638,Coweta County, 0115 - Brooks Elementary,24.32
638,Coweta County, 0195 - Jefferson Parkway Elementary School,73.46
638,Coweta County, 0199 - Poplar Road Elementary School,50
638,Coweta County, 0201 - Welch Elementary School,52.94
638,Coweta County, 0203 - Glanton Elementary,70.64
638,Coweta County, 0289 - East Coweta Middle School,50.14
638,Coweta County, 0295 - Thomas Crossroads Elementary School,24.87
638,Coweta County, 0299 - Madras Middle School,30.55
638,Coweta County, 0301 - Smokey Road Middle School,66
638,Coweta County, 0389 - East Coweta High School,36.29
638,Coweta County, 0395 - Arnall Middle School,46.28
638,Coweta County, 1050 - Arnco-Sargent Elementary School,69
638,Coweta County, 1054 - Ruth Hill Elementary School,77.55
638,Coweta County, 1056 - Evans Middle School,59.87
638,Coweta County, 2050 - Atkinson Elementary School,66.67
638,Coweta County, 2052 - Eastside Elementary School,47.75
638,Coweta County, 2056 - Northside Elementary School,41.85
638,Coweta County, 3052 - Elm Street Elementary School,51.1
638,Coweta County, 3054 - Moreland Elementary School,56.85
638,Coweta County, 5054 - Newnan High School,46.95
638,Coweta County, 5056 - Western Elementary School,65.54
638,Coweta County, 0101 - Arbor Springs Elementary,31.03
638,Coweta County, 0103 - Willis Road Elementary,39.4
638,Coweta County, 0106 - Lee Middle School,32
638,Coweta County, 0189 - White Oak Elementary School,43.27
638,Coweta County, 0191 - Canongate Elementary School,26.59
638,Coweta County, 0192 - Newnan Crossing Elementary School,42.63
638,Coweta County, 0196 - Northgate High School,23.35
639,Crawford County, 0193 - Crawford County High School,77.5
639,Crawford County, 0202 - Crawford County Middle School,75.12
639,Crawford County, 0192 - Crawford County Elementary,80.65
640,Crisp County, 5050 - Crisp County Pre-K,*
640,Crisp County, 0196 - Crisp County High School,*
640,Crisp County, 0197 - Crisp County Middle School,*
640,Crisp County, 2052 - Crisp County Elementary School,*
640,Crisp County, 1050 - Blackshear Trail Elementary School,*
640,Crisp County, 0297 - A. S. Clark Elementary School,*
641,Dade County, 0295 - Dade Middle School,62.3
641,Dade County, 0275 - Davis Elementary School,70.46
641,Dade County, 0101 - Dade Elementary School,60.98
641,Dade County, 0195 - Dade County High School,51.85
772,Dalton Public Schools, 1050 - Brookwood Elementary School,62.5
772,Dalton Public Schools, 1052 - Roan Elementary School,*
772,Dalton Public Schools, 4050 - Dalton High School,70.12
772,Dalton Public Schools, 0110 - Morris Innovative High School,84.36
772,Dalton Public Schools, 0301 - City Park Elementary School,94.24
772,Dalton Public Schools, 0201 - Dalton Middle School,80.14
772,Dalton Public Schools, 0173 - Westwood Elementary School,56.44
772,Dalton Public Schools, 0101 - Park Creek Elementary School,*
772,Dalton Public Schools, 0105 - Blue Ridge Elementary School,*
642,Dawson County, 0106 - Dawson County Middle School,49.02
642,Dawson County, 0109 - Dawson County Junior High,59.85
642,Dawson County, 0189 - Robinson Elementary School,57.07
642,Dawson County, 0198 - Dawson County High School ,38.91
642,Dawson County, 0199 - Black's Mill Elementary School,52.65
642,Dawson County, 0111 - Riverview Elementary School,59.2
642,Dawson County, 0103 - Kilough Elementary School,54.52
644,DeKalb County, 1057 - McNair Middle School,*
644,DeKalb County, 1059 - Idlewood Elementary School,*
644,DeKalb County, 1061 - Livsey Elementary School,35.62
644,DeKalb County, 1070 - Tucker High School,64.57
644,DeKalb County, 1071 - Woodward Elementary School,*
644,DeKalb County, 1100 - International Student Center,*
644,DeKalb County, 2050 - Allgood Elementary School,84.96
644,DeKalb County, 2054 - Columbia High School,81.01
644,DeKalb County, 0215 - Museum School Avondale Estates,#
644,DeKalb County, 2055 - Druid Hills High School,55.24
644,DeKalb County, 0309 - Wadsworth Magnet School for High Achievers,45.45
644,DeKalb County, 0610 - Arabia Mountain High School - Academy of Engineering  Medicine and Environm,50.92
644,DeKalb County, 0810 - Elizabeth Andrews High School,61.93
644,DeKalb County, 0410 - DeKalb School of the Arts,28.49
644,DeKalb County, 0510 - Margaret Harris Comprehensive School,55.56
644,DeKalb County, 0311 - Leadership Preparatory Academy,65.26
644,DeKalb County, 1010 - DeKalb Agriculture Technology and Environment School,34.42
644,DeKalb County, 2060 - Knollwood Elementary School,*
644,DeKalb County, 0314 - GLOBE Academy Charter School I,#
644,DeKalb County, 0409 - Ronald E McNair Discover Learning Academy Elementary School,*
644,DeKalb County, 0113 - DeKalb Preparatory Academy Charter,76.18
644,DeKalb County, 0112 - Destiny Achievers Academy of Excellence,#
644,DeKalb County, 2058 - Henderson Mill Elementary School,62.84
644,DeKalb County, 2059 - Indian Creek Elementary School,*
644,DeKalb County, 2061 - McLendon Elementary School,90.82
644,DeKalb County, 2062 - Midvale Elementary School,58.53
644,DeKalb County, 2065 - Cary Reynolds Elementary School,*
644,DeKalb County, 2068 - Stone Mountain Elementary School,94.14
644,DeKalb County, 3050 - Ashford Park Elementary School,40.65
644,DeKalb County, 3051 - Briarlake Elementary School,27.89
644,DeKalb County, 3052 - Canby Lane Elementary School,93.45
644,DeKalb County, 3053 - Chesnut Elementary School,33.74
644,DeKalb County, 3055 - Dunaire Elementary School,92.52
644,DeKalb County, 3056 - Flat Shoals Elementary School,*
644,DeKalb County, 3057 - Hambrick Elementary School,92.38
644,DeKalb County, 3059 - Jolly Elementary School,94.97
644,DeKalb County, 3060 - Lakeside High School,39.26
644,DeKalb County, 3061 - Meadowview Elementary School,*
644,DeKalb County, 3062 - Midway Elementary School,*
644,DeKalb County, 3063 - Oak Grove Elementary School,7.18
644,DeKalb County, 3064 - Pleasantdale Elementary School,*
644,DeKalb County, 3065 - Rock Chapel Elementary School,86.3
644,DeKalb County, 3067 - Smoke Rise Elementary School,71.91
644,DeKalb County, 3069 - Toney Elementary School,*
644,DeKalb County, 3070 - McNair High School,86.88
644,DeKalb County, 4051 - Briar Vista Elementary School,59.28
644,DeKalb County, 4052 - Murphey Candler Elementary School,90.89
644,DeKalb County, 4053 - Clarkston High School,87.07
644,DeKalb County, 4054 - Cross Keys High School,91.74
644,DeKalb County, 4058 - Hightower Elementary School,94.91
644,DeKalb County, 4062 - Montclair Elementary School,*
644,DeKalb County, 4063 - Oakcliff Elementary School,92.36
644,DeKalb County, 4064 - Rainbow Elementary School,87.78
644,DeKalb County, 4065 - Rowland Elementary School,94.32
644,DeKalb County, 4067 - Snapfinger Elementary School,*
644,DeKalb County, 4068 - Stoneview Elementary School,*
644,DeKalb County, 4069 - Towers High School,83.48
644,DeKalb County, 5016 - Coralwood Education Center,10.26
644,DeKalb County, 5050 - Avondale Elementary School,90.29
644,DeKalb County, 5052 - Chamblee High School,38.51
644,DeKalb County, 5053 - Clifton Elementary School,*
644,DeKalb County, 5055 - Dunwoody High School,32.86
644,DeKalb County, 5057 - Hawthorne Elementary School,48.17
644,DeKalb County, 5058 - Huntley Hills Elementary School,68.03
644,DeKalb County, 5059 - Kingsley Elementary School,48.79
644,DeKalb County, 5062 - Montgomery Elementary School,8.56
644,DeKalb County, 5064 - Redan Elementary School,94.21
644,DeKalb County, 5065 - Sagamore Hills Elementary School,42.18
644,DeKalb County, 5067 - Southwest DeKalb High School,66.52
644,DeKalb County, 1050 - DeKalb Arts Academy,69.87
644,DeKalb County, 1052 - Brockett Elementary School,74.1
644,DeKalb County, 1053 - Chapel Hill Elementary School,86.89
644,DeKalb County, 1054 - Columbia Elementary School,*
644,DeKalb County, 1055 - Dresden Elementary School,*
644,DeKalb County, 1056 - Evansdale Elementary School,55.87
644,DeKalb County, 4059 - Kelley Lake Elementary School,*
644,DeKalb County, 4060 - Laurel Ridge Elementary School,47.79
644,DeKalb County, 0100 - Narvie Harris Elementary School,57.13
644,DeKalb County, 0102 - Wynbrooke Elementary School,52.12
644,DeKalb County, 0103 - Martin Luther King  Jr. High School ,73.2
644,DeKalb County, 0105 - Miller Grove High School,79.5
644,DeKalb County, 0107 - Flat Rock Elementary School,88.82
644,DeKalb County, 0108 - Princeton Elementary School,83.57
644,DeKalb County, 0172 - Cedar Grove High School,76.44
644,DeKalb County, 0173 - Vanderlyn Elementary School,#
644,DeKalb County, 0175 - Austin Elementary School,#
644,DeKalb County, 0176 - Redan High School,78.83
644,DeKalb County, 0181 - Eldridge L. Miller Elementary School,94.04
644,DeKalb County, 0188 - Panola Way Elementary School,*
644,DeKalb County, 0189 - Peachtree Middle School,35.92
644,DeKalb County, 0190 - Pine Ridge Elementary School,83.91
644,DeKalb County, 0406 - Chamblee Middle School,39.6
644,DeKalb County, 0407 - Dekalb Early College Academy,65.69
644,DeKalb County, 0475 - Bob Mathis Elementary School,87.69
644,DeKalb County, 0497 - Stephenson High School,66.47
644,DeKalb County, 0500 - DeKalb Alternative School,*
644,DeKalb County, 0503 - East DeKalb Special Education Center,5.88
644,DeKalb County, 0506 - Stone Mountain Middle School,94.34
644,DeKalb County, 0507 - The Champion Middle Theme School,61.49
644,DeKalb County, 0575 - Stone Mill Elementary School,*
644,DeKalb County, 0597 - Miller Grove Middle School,87.95
644,DeKalb County, 0191 - Browns Mill Elementary School,90.18
644,DeKalb County, 0193 - Chapel Hill Middle School,82.63
644,DeKalb County, 0197 - Marbut Elementary School,79.42
644,DeKalb County, 0200 - Cedar Grove Middle School,88.21
644,DeKalb County, 0201 - Freedom Middle School,92.86
644,DeKalb County, 0202 - Lithonia High School,82.13
644,DeKalb County, 0203 - Lithonia Middle School,89.7
644,DeKalb County, 0205 - Redan Middle School,87.44
644,DeKalb County, 0272 - Rockbridge Elementary School,*
644,DeKalb County, 0275 - Cedar Grove Elementary School,80.36
644,DeKalb County, 0276 - Stone Mountain High School,86.73
644,DeKalb County, 0288 - Kittredge Magnet School,7.33
644,DeKalb County, 0290 - Sequoyah Middle School,*
644,DeKalb County, 0291 - Salem Middle School,84.03
644,DeKalb County, 0293 - Shadow Rock Elementary School,91.99
644,DeKalb County, 0297 - Edward L. Bouie  Sr. Elementary School,63.38
644,DeKalb County, 0301 - Columbia Middle School,*
644,DeKalb County, 0305 - Oak View Elementary,93.99
644,DeKalb County, 0375 - Fairington Elementary School,94.29
644,DeKalb County, 0605 - Tucker Middle School,76.34
644,DeKalb County, 0606 - Gateway to College Academy,26.37
644,DeKalb County, 0675 - Woodridge Elementary School,90.53
644,DeKalb County, 0705 - DeKalb PATH Academy Charter School,*
644,DeKalb County, 0707 - UHS of Laurel Heights,21.88
644,DeKalb County, 0797 - Henderson Middle School,53.67
644,DeKalb County, 0805 - International Community School,60.84
644,DeKalb County, 0897 - Druid Hills Middle School,63.03
644,DeKalb County, 0214 - Dunwoody Elementary School,12.61
644,DeKalb County, 0397 - Stephenson Middle School,77.19
644,DeKalb County, 0399 - Robert Shaw Theme School,86.33
644,DeKalb County, 0401 - Mary McLeod Bethune Middle School,94.66
644,DeKalb County, 2056 - Fernbank Elementary School,11.39
643,Decatur County, 0105 - West Bainbridge Primary School,86.99
643,Decatur County, 0191 - Potter Street Elementary School,*
643,Decatur County, 1052 - Elcan-King Elementary School,*
643,Decatur County, 4052 - Jones-Wheat Primary School,*
643,Decatur County, 2052 - Hutto Elementary School,*
643,Decatur County, 3050 - Bainbridge High School,86.92
643,Decatur County, 3052 - John Johnson Elementary School,*
643,Decatur County, 2050 - Bainbridge Middle School,*
645,Dodge County, 0103 - Dodge County High School,66.86
645,Dodge County, 0180 - Dodge County Middle School,71.78
645,Dodge County, 0191 - South Dodge Elementary School,78
645,Dodge County, 0291 - North Dodge Elementary School,70.97
646,Dooly County, 0104 - Dooly County Elementary School,*
646,Dooly County, 0182 - Dooly County High School,*
646,Dooly County, 0204 - Dooly County Middle School,*
647,Dougherty County, 3058 - Northside Elementary School,*
647,Dougherty County, 0102 - Live Oak Elementary School,*
647,Dougherty County, 0103 - Robert A. Cross Middle Magnet,*
647,Dougherty County, 3062 - Turner Elementary School,*
647,Dougherty County, 4054 - Lake Park Elementary School,*
647,Dougherty County, 4056 - Merry Acres Middle School,*
647,Dougherty County, 4060 - Sherwood Acres Elementary School,*
647,Dougherty County, 4062 - Westover High School,*
647,Dougherty County, 5056 - International Studies Elementary Charter School,*
647,Dougherty County, 5058 - Radium Springs Elementary School,*
647,Dougherty County, 5060 - Southside Middle School,*
647,Dougherty County, 5062 - West Town Elementary School,*
647,Dougherty County, 0101 - Albany Middle School,*
647,Dougherty County, 0105 - Robert H Harvey Elementary School,*
647,Dougherty County, 0106 - Radium Springs Middle School,*
647,Dougherty County, 0199 - Lamar Reese School of the Arts,*
647,Dougherty County, 0205 - Lincoln Elementary Magnet School,*
647,Dougherty County, 0299 - Alice Coachman Elementary School,*
647,Dougherty County, 0399 - Martin Luther King  Jr. Elementary School,*
647,Dougherty County, 1050 - Albany High School,*
647,Dougherty County, 1058 - Monroe High School,*
647,Dougherty County, 2052 - Dougherty Comprehensive High School,*
647,Dougherty County, 2058 - Morningside Elementary School,*
648,Douglas County, 0112 - Mason Creek Elementary School,50.09
648,Douglas County, 0175 - Lithia Springs Comprehensive High School,74.79
648,Douglas County, 0212 - New Manchester High School,67.18
648,Douglas County, 0213 - Factory Shoals Elementary School,77.62
648,Douglas County, 0178 - Arbor Station Elementary School,59.08
648,Douglas County, 0180 - Fairplay Middle School,27.59
648,Douglas County, 0184 - Dorsett Shoals Elementary School,65.65
648,Douglas County, 0187 - Alexander High School,38.63
648,Douglas County, 0188 - Chestnut Log Middle School,83.82
648,Douglas County, 0193 - South Douglas Elementary School,23.97
648,Douglas County, 0198 - Bright Star Elementary School,77.57
648,Douglas County, 0200 - Holly Springs Elementary School,42.63
648,Douglas County, 0203 - New Manchester Elementary School,66.16
648,Douglas County, 0208 - Chapel Hill Elementary School,50.59
648,Douglas County, 0298 - Sweetwater Elementary School,80.59
648,Douglas County, 0303 - Mirror Lake Elementary School,44.26
648,Douglas County, 0398 - Burnett Elementary School,88.56
648,Douglas County, 0407 - Brighten Academy,29.31
648,Douglas County, 0498 - Eastside Elementary School,89.03
648,Douglas County, 0507 - Youth Villages at Inner Harbour,*
648,Douglas County, 1054 - Winston Elementary School,67.51
648,Douglas County, 2050 - Beulah Elementary School,73.3
648,Douglas County, 2054 - Turner Middle School,79.97
648,Douglas County, 3052 - Lithia Springs Elementary School,84.42
648,Douglas County, 3550 - Chapel Hill Middle School,44.46
648,Douglas County, 4050 - Douglas County High School,59.23
648,Douglas County, 4052 - Mount Carmel Elementary School,66.73
648,Douglas County, 5050 - Stewart Middle School,85.81
648,Douglas County, 5052 - Annette Winn Elementary School,87.02
648,Douglas County, 0100 - Chapel Hill High School,43.01
648,Douglas County, 0103 - Yeager Middle School,69.26
648,Douglas County, 0104 - North Douglas Elementary School,85.3
648,Douglas County, 0107 - Bill Arp Elementary School,65.23
648,Douglas County, 0108 - Factory Shoals Middle School,70.13
648,Douglas County, 0113 - Mason Creek Middle School,53.32
774,Dublin City, 0212 - Saxon Heights,90.99
774,Dublin City, 0102 - Dublin Middle School,88.44
774,Dublin City, 0108 - Community Hope Center,*
774,Dublin City, 0412 - Moore Street Facility,62.69
774,Dublin City, 0312 - Susie Dasher,86.7
774,Dublin City, 0112 - Hillcrest Elementary,86.36
774,Dublin City, 0211 - Dublin High School,77.85
649,Early County, 0194 - Early County Elementary School,*
649,Early County, 2050 - Early County High School,*
649,Early County, 0197 - Early County Middle School,*
650,Echols County, 1050 - Echols County High School,90.74
650,Echols County, 0112 - Echols County Elementary/Middle School,90.62
651,Effingham County, 0107 - Blandford Elementary School,42.5
651,Effingham County, 0186 - South Effingham Elementary School,29.32
651,Effingham County, 0190 - Guyton Elementary School,61.24
651,Effingham County, 0103 - Springfield Elementary School,59.32
651,Effingham County, 4050 - Rincon Elementary School,49.7
651,Effingham County, 0390 - Effingham County High School,36.68
651,Effingham County, 0105 - Marlow Elementary School,44.66
651,Effingham County, 0296 - Ebenezer Elementary School,38.81
651,Effingham County, 0290 - Effingham County Middle School,53.7
651,Effingham County, 0203 - Ebenezer Middle School,38.43
651,Effingham County, 0197 - South Effingham High School,26.08
651,Effingham County, 0196 - Sand Hill Elementary School,53.73
651,Effingham County, 0297 - South Effingham Middle School,33.3
652,Elbert County, 0313 - Elbert County Elementary School,94.94
652,Elbert County, 0213 - Elbert County Primary School,94.96
652,Elbert County, 0112 - Elberton Education Center,*
652,Elbert County, 0176 - Elbert County High School,62.96
652,Elbert County, 0104 - Elbert County Middle School ,71.72
653,Emanuel County, 0198 - Swainsboro Elementary School,83.13
653,Emanuel County, 0196 - Swainsboro Primary School,84.75
653,Emanuel County, 0192 - Swainsboro Middle School,82.74
653,Emanuel County, 0189 - Swainsboro High School,75.16
653,Emanuel County, 0100 - Twin City Elementary School,75.28
653,Emanuel County, 2050 - Emanuel County Institute,68.61
653,Emanuel County, 1050 - Adrian School of Performing Arts,80.88
654,Evans County, 2050 - Claxton High School,*
654,Evans County, 0196 - Claxton Elementary School,*
654,Evans County, 3050 - Claxton Middle School,*
655,Fannin County, 0176 - Fannin County High School,54.87
655,Fannin County, 1050 - Blue Ridge Elementary School,65.2
655,Fannin County, 0293 - West Fannin Elementary School,68.29
655,Fannin County, 0194 - East Fannin Elementary School,76.81
655,Fannin County, 0193 - Fannin County Middle School,64.74
656,Fayette County, 0178 - J.C. Booth Middle School,16.69
656,Fayette County, 0111 - Inman Elementary,34.16
656,Fayette County, 0398 - Fayette County High School,42.06
656,Fayette County, 0402 - Fayetteville Elementary School,51.05
656,Fayette County, 0491 - Flat Rock Middle School,40.12
656,Fayette County, 1052 - Peachtree City Elementary School,16.26
656,Fayette County, 0180 - Huddleston Elementary School,27.4
656,Fayette County, 0181 - North Fayette Elementary School,59.97
656,Fayette County, 0182 - McIntosh High School,12.59
656,Fayette County, 0186 - Oak Grove Elementary School,35.93
656,Fayette County, 0191 - Braelinn Elementary School,5.02
656,Fayette County, 0192 - Sandy Creek High School,31.73
656,Fayette County, 0196 - Kedron Elementary School,17.99
656,Fayette County, 0198 - Starrs Mill High School,10.31
656,Fayette County, 0199 - Peeples Elementary School,13.57
656,Fayette County, 0291 - Robert J. Burch Elementary School,55.38
656,Fayette County, 0296 - Spring Hill Elementary School,57.42
656,Fayette County, 0298 - Rising Starr Middle School,10.73
656,Fayette County, 0108 - Bennett's Mill Middle School,44.02
656,Fayette County, 0105 - Whitewater High School,14.22
656,Fayette County, 0104 - Crabapple Lane Elementary School,16.2
656,Fayette County, 0391 - Whitewater Middle School,19.6
656,Fayette County, 0102 - Cleveland Elementary School,33.07
656,Fayette County, 0103 - Sara Harp Minter Elementary School,15.57
657,Floyd County, 0111 - Model High,44.74
657,Floyd County, 5050 - Coosa High School,59.42
657,Floyd County, 0103 - Coosa Middle School,66.84
657,Floyd County, 0107 - Pepperell High School,60.34
657,Floyd County, 0173 - McHenry Primary,86.31
657,Floyd County, 0188 - Model Elementary School,61.01
657,Floyd County, 0195 - Armuchee Primary School,51.66
657,Floyd County, 0199 - Pepperell Elementary,71.37
657,Floyd County, 0203 - Model Middle School,50.65
657,Floyd County, 0273 - Pepperell Middle School,64.61
657,Floyd County, 0303 - Armuchee Middle School,47.03
657,Floyd County, 0401 - Armuchee High School,35.65
657,Floyd County, 1050 - Alto Park Elementary School,76.46
657,Floyd County, 2052 - Garden Lakes Elementary School,76.85
657,Floyd County, 2054 - Midway Primary,61.69
657,Floyd County, 3050 - Cave Spring Elementary School,64.96
657,Floyd County, 3052 - Glenwood Primary School,51.63
657,Floyd County, 4054 - Pepperell Primary,73.83
657,Floyd County, 0102 - Johnson Elementary,46.62
658,Forsyth County, 0100 - Settles Bridge Elementary School,6.69
658,Forsyth County, 5050 - Forsyth Central High School,30.49
658,Forsyth County, 0103 - Cumming Elementary School,62
658,Forsyth County, 0104 - Sharon Elementary School,#
658,Forsyth County, 0105 - Riverwatch Middle School,6.69
658,Forsyth County, 0106 - Shiloh Point Elementary,13.57
658,Forsyth County, 0107 - West Forsyth High School,13.56
658,Forsyth County, 0108 - Johns Creek Elementary,6.96
658,Forsyth County, 0176 - Mashburn Elementary School,29.6
658,Forsyth County, 0182 - Coal Mountain Elementary School,19.37
658,Forsyth County, 0190 - South Forsyth High School,11.13
658,Forsyth County, 0194 - Chattahoochee Elementary School,31.9
658,Forsyth County, 0195 - North Forsyth High School,24.08
658,Forsyth County, 0197 - Daves Creek Elementary School,7.18
658,Forsyth County, 0198 - Vickery Creek Elementary School,9
658,Forsyth County, 0199 - Vickery Creek Middle School,9.92
658,Forsyth County, 0202 - Otwell Middle School,36.47
658,Forsyth County, 0203 - Sawnee Elementary School,29.4
658,Forsyth County, 0211 - Brookwood Elementary,5.01
658,Forsyth County, 0213 - George W. Whitlow Elementary,31.55
658,Forsyth County, 0214 - Lambert High School,#
658,Forsyth County, 0215 - Haw Creek Elementary,8.24
658,Forsyth County, 0216 - Lakeside Middle School,11.81
658,Forsyth County, 0219 - Forsyth Virtual Academy,#
658,Forsyth County, 0313 - Kelly Mill Elementary,9.21
658,Forsyth County, 0204 - Chestatee Elementary,47.11
658,Forsyth County, 0206 - Little Mill Middle School,36.43
658,Forsyth County, 0303 - Liberty Middle School,24.06
658,Forsyth County, 0307 - Silver City Elementary School,22.87
658,Forsyth County, 0407 - Piney Grove Middle School,19.98
658,Forsyth County, 0498 - North Forsyth Middle School,20.66
658,Forsyth County, 0598 - South Forsyth Middle School,5.29
658,Forsyth County, 1050 - Big Creek Elementary School,8.04
658,Forsyth County, 1052 - Midway Elementary School,42.79
658,Forsyth County, 0102 - Matt Elementary School,28.06
659,Franklin County, 0105 - Franklin County Middle School,61.88
659,Franklin County, 0107 - Carnesville Elementary School,58.88
659,Franklin County, 5050 - Lavonia Elementary School,72.44
659,Franklin County, 2050 - Carnesville Elementary Primary School,61.85
659,Franklin County, 3050 - Franklin County High School,53.92
659,Franklin County, 1052 - South Franklin Elementary School,67.7
660,Fulton County, 0392 - Chattahoochee High School,11.19
660,Fulton County, 0397 - River Eves Elementary School,42.45
660,Fulton County, 0398 - Shakerag Elementary School,5.75
660,Fulton County, 0402 - River Trail Middle School,7
660,Fulton County, 0405 - Wilson Creek Elementary School ,10.78
660,Fulton County, 0406 - Amana Academy School,32.72
660,Fulton County, 0491 - Medlock Bridge Elementary School,13.98
660,Fulton County, 0497 - Webb Bridge Middle School,9.1
660,Fulton County, 0100 - Summit Hill Elementary,#
660,Fulton County, 0101 - Abbotts Hill Elementary School,12.21
660,Fulton County, 0102 - Creek View Elementary School,13.65
660,Fulton County, 0103 - Hembree Springs Elementary School,40.94
660,Fulton County, 0104 - Spalding Drive Elementary,33.56
660,Fulton County, 0105 - Hopewell Middle School,16.45
660,Fulton County, 0106 - Milton High School,9.9
660,Fulton County, 0107 - Renaissance Middle School ,81.45
660,Fulton County, 0109 - Renaissance Elementary School,73.7
660,Fulton County, 0175 - Jackson Elementary School,66.55
660,Fulton County, 0176 - Banneker High School,89.53
660,Fulton County, 0116 - Main Street Charter Academy,54.26
660,Fulton County, 1010 - Cliftondale Elementary School,66.63
660,Fulton County, 1110 - Langston Hughes High School,76.27
660,Fulton County, 1210 - Birmingham Falls Elementary School,#
660,Fulton County, 1310 - Ison Springs Elementary School,76.99
660,Fulton County, 0909 - Lake Forest Elementary,*
660,Fulton County, 0118 - Hapeville Charter Career Academy,66.62
660,Fulton County, 0115 - Fulton Sunshine Charter Elementary,7.07
660,Fulton County, 0910 - Johns Creek High School,7.5
660,Fulton County, 0119 - Cambridge High School,8.22
660,Fulton County, 0117 - Closed Main Street Charter Academy Middle,65.28
660,Fulton County, 0114 - Feldwood Elementary School,90.52
660,Fulton County, 5060 - Asa Hilliard Elementary School,*
660,Fulton County, 5069 - Westlake High School,61.18
660,Fulton County, 0803 - Paul D. West Middle School,94.31
660,Fulton County, 1050 - Alpharetta Elementary School,21.79
660,Fulton County, 1064 - Oak Knoll Elementary School,92.09
660,Fulton County, 1067 - Roswell North Elementary School,24.21
660,Fulton County, 2058 - Bethune Elementary School,90.1
660,Fulton County, 0295 - Findley Oaks Elementary School,7.66
660,Fulton County, 0297 - State Bridge Crossing Elementary School,15.1
660,Fulton County, 0298 - Sweet Apple Elementary School,6.08
660,Fulton County, 0299 - Manning Oaks Elementary School ,31.69
660,Fulton County, 0301 - Heritage Elementary School,*
660,Fulton County, 0302 - Elkins Pointe Middle School,41.65
660,Fulton County, 0303 - Cogburn Woods Elementary School ,13.21
660,Fulton County, 0305 - Autrey Mill Middle School,10.22
660,Fulton County, 0307 - Georgia Baptist Children's Home and Family Ministries,*
660,Fulton County, 0373 - Mountain Park Elementary School,7.14
660,Fulton County, 0383 - McClarin High School,*
660,Fulton County, 0384 - Haynes Bridge Middle School,27.53
660,Fulton County, 0386 - Independence High School,41.47
660,Fulton County, 0390 - Randolph Elementary School,72.02
660,Fulton County, 0391 - Bear Creek Middle School,83.68
660,Fulton County, 0501 - Hamilton E. Holmes Elementary,94.52
660,Fulton County, 0503 - Liberty Point Elementary School,87.37
660,Fulton County, 0505 - Sandtown Middle School ,62.59
660,Fulton County, 0506 - Fulton Science Academy High School,14.45
660,Fulton County, 0591 - Taylor Road Middle School,16.7
660,Fulton County, 0597 - Northwestern Middle School,9.65
660,Fulton County, 0195 - New Prospect Elementary School,14.61
660,Fulton County, 0197 - Northwood Elementary School,24.67
660,Fulton County, 0198 - Centennial High School,33.79
660,Fulton County, 0199 - Stonewall Tell Elementary School,56.41
660,Fulton County, 0202 - Hillside Elementary School,55.81
660,Fulton County, 0203 - Northview High School,7.3
660,Fulton County, 0204 - KIPP South Fulton Academy School,69.39
660,Fulton County, 0205 - Alpharetta High School,10.45
660,Fulton County, 0206 - Oakley Elementary School,85.94
660,Fulton County, 0207 - Dunwoody Springs Elementary School,72.82
660,Fulton County, 0273 - S. L. Lewis Elementary School,93.7
660,Fulton County, 0275 - Nolan Elementary School,93.55
660,Fulton County, 0276 - Gullatt Elementary School,93.95
660,Fulton County, 0284 - Holcomb Bridge Middle School,54.15
660,Fulton County, 0603 - Sandy Springs Middle School,67.39
660,Fulton County, 0605 - Hapeville Charter Middle School,*
660,Fulton County, 0691 - Tri-Cities High School,81.64
660,Fulton County, 0701 - Ocee Elementary School,17.44
660,Fulton County, 0702 - Woodland Elementary School,56.52
660,Fulton County, 0286 - Ridgeview Charter School,56.66
660,Fulton County, 0289 - Woodland Middle School,91.99
660,Fulton County, 0290 - Tubman Elementary School,*
660,Fulton County, 0291 - Creekside High School,77.04
660,Fulton County, 0292 - Palmetto Elementary School,87.35
660,Fulton County, 0180 - Dolvin Elementary School,14.03
660,Fulton County, 0184 - Crabapple Middle School,17.13
660,Fulton County, 0186 - Camp Creek Middle School,91.49
660,Fulton County, 0187 - Barnwell Elementary School,9.18
660,Fulton County, 0189 - McNair Middle School,92.04
660,Fulton County, 0190 - Lake Windward Elementary School,8.93
660,Fulton County, 0191 - Roswell High School,23.9
660,Fulton County, 0192 - Hapeville Elementary School,*
660,Fulton County, 0193 - Crabapple Crossing Elementary School,#
660,Fulton County, 2070 - Campbell Elementary School,89.6
660,Fulton County, 2550 - Brookview Elementary School,90.87
660,Fulton County, 3056 - Heards Ferry Elementary School,#
660,Fulton County, 3058 - Lee Elementary School,82.48
660,Fulton County, 3064 - Parklane Elementary School,*
660,Fulton County, 3066 - Riverwood International Charter School,38.1
660,Fulton County, 4056 - High Point Elementary School,61.59
660,Fulton County, 4060 - Mimosa Elementary School,92.35
660,Fulton County, 4062 - North Springs High School,44.44
660,Fulton County, 4069 - E. C. West Elementary School,75.48
660,Fulton County, 5052 - Conley Hills Elementary School,*
776,Gainesville City, 3050 - Gainesville High School,69.02
776,Gainesville City, 0104 - New Holland Leadership Academy,89.97
776,Gainesville City, 0193 - Centennial Arts Academy,60.53
776,Gainesville City, 0210 - The Academy at Woods Mill,62.96
776,Gainesville City, 2050 - Enota Multiple Intelligences Academy,64.8
776,Gainesville City, 2550 - Fair Street International Academy,88.38
776,Gainesville City, 0110 - Gainesville Middle School East,78.58
776,Gainesville City, 0204 - Gainesville Exploration Academy,91.26
661,Gilmer County, 0113 - Clear Creek Elementary School,82.82
661,Gilmer County, 0212 - Ellijay Elementary School,77.64
661,Gilmer County, 0196 - Gilmer High School,65.94
661,Gilmer County, 0103 - Mountain View Elementary,72.14
661,Gilmer County, 0107 - Clear Creek Middle School,67.71
661,Gilmer County, 0112 - Gilmer Middle school,74.96
662,Glascock County, 0196 - Glascock County Middle/High School,56.83
663,Glynn County, 0116 - Risley Middle School,60.1
663,Glynn County, 0106 - Sterling Elementary School,69.99
663,Glynn County, 0107 - Morningstar Treatment Services  Inc. Youth Estate,*
663,Glynn County, 0178 - Glyndale Elementary School,81.72
663,Glynn County, 0190 - Golden Isles Elementary School,74.63
663,Glynn County, 0195 - Oglethorpe Point Elementary School,28.45
663,Glynn County, 0198 - Satilla Marsh Elementary School,48.01
663,Glynn County, 0199 - Needwood Middle School,73.01
663,Glynn County, 0298 - Greer Elementary School,51.49
663,Glynn County, 1052 - Altama Elementary School,94.71
663,Glynn County, 1056 - St. Simons Elementary School,55.93
663,Glynn County, 3552 - Brunswick High School,62.96
663,Glynn County, 4052 - Burroughs-Molette Elementary School,*
663,Glynn County, 4752 - Glynn Academy,42.15
663,Glynn County, 5052 - Goodyear Elementary School,94.91
663,Glynn County, 0112 - Glynn Middle School,51.92
663,Glynn County, 0114 - Jane Macon Middle,70.68
664,Gordon County, 0110 - Sonoraville Elementary,55.09
664,Gordon County, 0115 - Red Bud Middle School,62.72
664,Gordon County, 0106 - Sonoraville High School,53.55
664,Gordon County, 0176 - Tolbert Elementary School,80.76
664,Gordon County, 0190 - Red Bud Elementary School,70.02
664,Gordon County, 2050 - Fairmount Elementary School,73.32
664,Gordon County, 0274 - Swain Elementary School,75
664,Gordon County, 0286 - Gordon Central High School,68.55
664,Gordon County, 0292 - Ashworth Middle School,75.64
664,Gordon County, 1050 - Belwood Elementary School,75.45
664,Gordon County, 0192 - Sonoraville Middle School,57.5
665,Grady County, 1050 - Cairo High School,85.57
665,Grady County, 0174 - Washington Middle School,85.65
665,Grady County, 0185 - Eastside Elementary School,85.53
665,Grady County, 1054 - Whigham Elementary School,85.51
665,Grady County, 1550 - Northside Elementary School,85.44
665,Grady County, 3050 - Shiver Elementary School,85.66
665,Grady County, 2050 - Southside Elementary School,85.55
666,Greene County, 0401 - Greene County High School,*
666,Greene County, 0109 - LAKE OCONEE CHARTER,*
666,Greene County, 0301 - Greensboro Elementary,*
666,Greene County, 0201 - Greene County Elementary School,*
666,Greene County, 0101 - Anita White Carson Middle School,*
726,Griffin-Spalding County, 0195 - Jordan Hill Road Elementary School,78.36
726,Griffin-Spalding County, 0199 - Futral Road Elementary School,61.67
726,Griffin-Spalding County, 0201 - Cowan Road Middle School,87.63
726,Griffin-Spalding County, 1050 - Anne Street Elementary School,*
726,Griffin-Spalding County, 0110 - Rehoboth Road Middle School,64.55
726,Griffin-Spalding County, 0192 - Cowan Road Elementary School,81.94
726,Griffin-Spalding County, 0187 - Griffin High School,76.62
726,Griffin-Spalding County, 0107 - Kennedy Road Middle School,81.19
726,Griffin-Spalding County, 0106 - Carver Road Middle School,75.91
726,Griffin-Spalding County, 0103 - Moreland Road Elementary,76.19
726,Griffin-Spalding County, 0101 - Spalding High School,55.74
726,Griffin-Spalding County, 4052 - Orrs Elementary School,83.79
726,Griffin-Spalding County, 2552 - Moore Elementary School,*
726,Griffin-Spalding County, 2050 - Crescent Road Elementary School,50.13
726,Griffin-Spalding County, 1750 - Beaverbrook Elementary School,84.84
726,Griffin-Spalding County, 1550 - Atkinson Elementary School,94.78
726,Griffin-Spalding County, 0208 - AZ Kelsey Academy,71.25
726,Griffin-Spalding County, 1052 - Jackson Road Elementary School,79.95
667,Gwinnett County, 0209 - Lanier Middle School,46.3
667,Gwinnett County, 0309 - Rosebud Elementary School,70.85
667,Gwinnett County, 0409 - Puckett's Mill Elementary School,12.96
667,Gwinnett County, 0509 - Trip Elementary School,52.33
667,Gwinnett County, 1012 - Grace Snell Middle School,67.88
667,Gwinnett County, 1013 - Ferguson Elementary School,90.34
667,Gwinnett County, 1017 - Burnette Elementary School,24.63
667,Gwinnett County, 1020 - New Life Academy of Excellence,21.28
667,Gwinnett County, 1410 - Mountain View High School,34.97
667,Gwinnett County, 0279 - Five Forks Middle School,41.46
667,Gwinnett County, 0280 - Beaver Ridge Elementary School,90.91
667,Gwinnett County, 0282 - Annistown Elementary School,78.98
667,Gwinnett County, 0283 - Shiloh Middle School,72.69
667,Gwinnett County, 0285 - Hopkins Elementary School,*
667,Gwinnett County, 0286 - Brookwood Elementary School,30
667,Gwinnett County, 0287 - Norton Elementary School,74.24
667,Gwinnett County, 0288 - Minor Elementary School,87.41
667,Gwinnett County, 0397 - Magill Elementary School,62.57
667,Gwinnett County, 0398 - Partee Elementary School,71.82
667,Gwinnett County, 0400 - Riverside Elementary School,8.85
667,Gwinnett County, 0405 - Jones Middle School,35.35
667,Gwinnett County, 0494 - Simpson Elementary School,6.3
667,Gwinnett County, 0908 - Z - New Life Academy of Excellence,#
667,Gwinnett County, 1112 - Moore Middle School,84.08
667,Gwinnett County, 1010 - Bay Creek Middle School,43.8
667,Gwinnett County, 1110 - Starling Elementary School,41.26
667,Gwinnett County, 1210 - Couch Middle School,37.95
667,Gwinnett County, 1310 - White Oak Elementary School,23.83
667,Gwinnett County, 1510 - North Gwinnett Middle School,12.16
667,Gwinnett County, 1610 - Twin Rivers Middle School,42.46
667,Gwinnett County, 1710 - Archer High School,38.44
667,Gwinnett County, 1810 - Woodward Mill Elementary School,49.19
667,Gwinnett County, 0182 - Brookwood High School,29.57
667,Gwinnett County, 1016 - Anderson-Livsey Elementary School,75.83
667,Gwinnett County, 0195 - Collins Hill High School,42.08
667,Gwinnett County, 1014 - Roberts Elementary School,20.45
667,Gwinnett County, 1015 - Jenkins Elementary School,86.43
667,Gwinnett County, 1018 - Lanier High School,40.31
667,Gwinnett County, 1019 - Gwinnett School of Mathematics  Science and Technology,36.3
667,Gwinnett County, 1114 - Gwinnett Intervention Education Center (GIVE) West,85.1
667,Gwinnett County, 1214 - Gwinnett Online Campus,16.28
667,Gwinnett County, 0109 - Benefield Elementary School,86.12
667,Gwinnett County, 0905 - Duluth Middle School ,62.56
667,Gwinnett County, 1005 - Alcova Elementary School,60.32
667,Gwinnett County, 1050 - Berkmar High School,80.51
667,Gwinnett County, 1052 - Dyer Elementary School,40.26
667,Gwinnett County, 1056 - Lilburn Middle School,91.44
667,Gwinnett County, 1058 - Rockbridge Elementary School,94.53
667,Gwinnett County, 1105 - Alford Elementary,79.96
667,Gwinnett County, 1205 - Duncan Creek Elementary,23.68
667,Gwinnett County, 1305 - Winn Holt Elementary School,79.51
667,Gwinnett County, 1405 - Level Creek Elementary School,8.71
667,Gwinnett County, 1505 - Radloff Middle School,93.79
667,Gwinnett County, 1605 - Chesney Elementary School,85.36
667,Gwinnett County, 2050 - Bethesda Elementary School,85.88
667,Gwinnett County, 2052 - Grayson Elementary School,34.17
667,Gwinnett County, 2054 - Harmony Elementary School,35.7
667,Gwinnett County, 2056 - Mountain Park Elementary School,51.26
667,Gwinnett County, 2058 - Snellville Middle School,71.78
667,Gwinnett County, 2558 - South Gwinnett High School,64.57
667,Gwinnett County, 3050 - Britt Elementary School,68.56
667,Gwinnett County, 3054 - Harris Elementary School,66.87
667,Gwinnett County, 3550 - Camp Creek Elementary School,29.02
667,Gwinnett County, 3750 - Central Gwinnett High School,75.34
667,Gwinnett County, 4052 - Dacula High School,44.94
667,Gwinnett County, 4056 - Norcross Elementary School,88.6
667,Gwinnett County, 4058 - Summerour Middle School,92.65
667,Gwinnett County, 4556 - North Gwinnett High School,13.38
667,Gwinnett County, 5054 - Lawrenceville Elementary School,92.24
667,Gwinnett County, 5056 - Peachtree Elementary School,80
667,Gwinnett County, 5058 - Suwanee Elementary School,12.25
667,Gwinnett County, 5550 - Duluth High School,54.34
667,Gwinnett County, 5554 - Lilburn Elementary School,90.19
667,Gwinnett County, 0199 - Meadowcreek Elementary School,94.19
667,Gwinnett County, 0200 - Freeman's Mill Elementary School,32.1
667,Gwinnett County, 0204 - Osborne Middle School,19.78
667,Gwinnett County, 0205 - Corley Elementary School,92.71
667,Gwinnett County, 0208 - Mulberry Elementary School,31.21
667,Gwinnett County, 0210 - Lovin Elementary School,58.43
667,Gwinnett County, 0275 - Knight Elementary School,69.22
667,Gwinnett County, 0276 - Sweetwater Middle School,88.82
667,Gwinnett County, 0495 - Kanoheda Elementary School,92.15
667,Gwinnett County, 0497 - McConnell Middle School,39.8
667,Gwinnett County, 0498 - Taylor Elementary School,47.69
667,Gwinnett County, 0505 - Sycamore Elementary School,64.43
667,Gwinnett County, 0176 - Parkview High School,40.74
667,Gwinnett County, 0180 - Head Elementary School,35.77
667,Gwinnett County, 0184 - Berkeley Lake Elementary School,60.59
667,Gwinnett County, 0185 - Shiloh High School,65.09
667,Gwinnett County, 0186 - Pinckneyville Middle School,60.46
667,Gwinnett County, 0187 - Meadowcreek High School,84.67
667,Gwinnett County, 0188 - Richards Middle School,81.87
667,Gwinnett County, 0189 - Phoenix High School,36.14
667,Gwinnett County, 0190 - Chattahoochee Elementary School,43.96
667,Gwinnett County, 0191 - Dacula Elementary School,43.01
667,Gwinnett County, 0193 - Walnut Grove Elementary School,42.52
667,Gwinnett County, 0194 - Craig Elementary School,33.17
667,Gwinnett County, 0196 - Harbins Elementary School,36.82
667,Gwinnett County, 0197 - Creekland Middle School,50.45
667,Gwinnett County, 0198 - Crews Middle School,23.65
667,Gwinnett County, 0289 - McKendree Elementary School,63.29
667,Gwinnett County, 0291 - Shiloh Elementary School,70.13
667,Gwinnett County, 0294 - Nesbit Elementary School,94.66
667,Gwinnett County, 0295 - Fort Daniel Elementary School,26.15
667,Gwinnett County, 0296 - Sugar Hill Elementary School,46.73
667,Gwinnett County, 0297 - Hull Middle School,38.96
667,Gwinnett County, 0298 - Mason Elementary School,40.2
667,Gwinnett County, 0300 - Stripling Elementary School,93.21
667,Gwinnett County, 0304 - Berkmar Middle School,92.27
667,Gwinnett County, 0305 - Ivy Creek Elementary School,34.24
667,Gwinnett County, 0376 - Gwin Oaks Elementary School,42.53
667,Gwinnett County, 0100 - Rock Springs Elementary School,47.16
667,Gwinnett County, 0101 - Grayson High School,38.58
667,Gwinnett County, 0103 - Norcross High School,65.47
667,Gwinnett County, 0105 - Mill Creek High School,24.68
667,Gwinnett County, 0380 - Dacula Middle School,51.8
667,Gwinnett County, 0382 - Arcado Elementary School,50.22
667,Gwinnett County, 0388 - Gwinnett InterVention Education (GIVE) Center East,74.15
667,Gwinnett County, 0389 - Cedar Hill Elementary School,77.53
667,Gwinnett County, 0391 - Pharr Elementary School,41.52
667,Gwinnett County, 0394 - Simonton Elementary School,78.4
667,Gwinnett County, 0395 - Jackson Elementary School,60.52
667,Gwinnett County, 0605 - Cooper Elementary School,34.74
667,Gwinnett County, 0608 - Patrick Elementary School,35.44
667,Gwinnett County, 0705 - Parsons Elementary School,21.99
667,Gwinnett County, 0708 - Oakland Meadow School,36.45
667,Gwinnett County, 0805 - Peachtree Ridge High School,32.02
667,Gwinnett County, 0108 - Trickum Middle School ,47.19
667,Gwinnett County, 0173 - Centerville Elementary School,74.44
668,Habersham County, 3054 - Woodville Elementary School,56.62
668,Habersham County, 2052 - Habersham Central High School,52.77
668,Habersham County, 1050 - Baldwin Elementary School,91.09
668,Habersham County, 0296 - South Habersham Middle School,73.78
668,Habersham County, 0201 - Demorest Elementary School,63.74
668,Habersham County, 0196 - North Habersham Middle School,51.63
668,Habersham County, 5050 - Fairview Elementary School,54.14
668,Habersham County, 0106 - Habersham Ninth Grade Academy,59.3
668,Habersham County, 0105 - Level Grove Elementary School,65.19
668,Habersham County, 0101 - Cornelia Elementary School,85.08
668,Habersham County, 5052 - Hazel Grove Elementary School,61.54
668,Habersham County, 0112 - Hilliard A. Wilbanks Middle School,68.19
668,Habersham County, 0114 - Habersham Success Academy,85.51
668,Habersham County, 0189 - Clarkesville Elementary School,50.7
669,Hall County, 5054 - McEver Elementary School,92.08
669,Hall County, 5056 - Tadmore Elementary School,*
669,Hall County, 0105 - Lanier College and Career Academy,69.1
669,Hall County, 0106 - Chicopee Elementary School,*
669,Hall County, 0176 - Myers Elementary School,91.63
669,Hall County, 0189 - West Hall High School,61.07
669,Hall County, 0192 - Spout Springs Elementary School,27.91
669,Hall County, 0194 - Mount Vernon Elementary School,37.09
669,Hall County, 0196 - Friendship Elementary School,48.8
669,Hall County, 0200 - Chestatee Middle School,66.67
669,Hall County, 0202 - Flowery Branch High,31.71
669,Hall County, 0276 - Wauka Mountain Elementary School,43.74
669,Hall County, 0289 - East Hall Middle School,82.52
669,Hall County, 0294 - West Hall Middle School,71.4
669,Hall County, 0389 - North Hall Middle School,40.28
669,Hall County, 1058 - White Sulphur Elementary School,92.17
669,Hall County, 1552 - East Hall High School,71.58
669,Hall County, 5052 - Lyman Hall Elementary School,*
669,Hall County, 4752 - Johnson High School,66.87
669,Hall County, 4556 - South Hall Middle School,69.46
669,Hall County, 4056 - Sardis Elementary School,64.86
669,Hall County, 4054 - Lula Elementary School,68.37
669,Hall County, 4050 - Chestnut Mountain Elementary School,41.3
669,Hall County, 3056 - Riverbend Elementary School,68.78
669,Hall County, 3054 - Lanier Elementary School,59.21
669,Hall County, 2056 - Oakwood Elementary School,75.68
669,Hall County, 2052 - Flowery Branch Elementary School,50.39
669,Hall County, 1556 - North Hall High School,28.83
669,Hall County, 0103 - Sugar Hill Elementary,91.79
669,Hall County, 0102 - Chestatee High School,52.37
669,Hall County, 0100 - C. W. Davis Middle School,39.77
669,Hall County, 0101 - Martin Elementary School,60.6
669,Hall County, 0112 - World Language Academy,43.12
670,Hancock County, 0106 - Hancock Central Middle School,77.73
670,Hancock County, 0188 - Lewis Elementary School,82.76
670,Hancock County, 0288 - Hancock Central High School,58.14
671,Haralson County, 0104 - Tallapoosa Primary School,87.43
671,Haralson County, 0178 - Buchanan Elementary School,87.39
671,Haralson County, 0197 - Haralson County Middle School,87.53
671,Haralson County, 2050 - Buchanan Primary School,87.53
671,Haralson County, 3050 - Haralson County High School,52.95
671,Haralson County, 4050 - West Haralson Elementary School,87.4
672,Harris County, 0299 - Harris County High School,31.63
672,Harris County, 0290 - New Mountain Hill Elementary School,34.76
672,Harris County, 0199 - Mulberry Creek Elementary School,34.7
672,Harris County, 0190 - Pine Ridge Elementary School,31.33
672,Harris County, 0110 - Creekside School,37.26
672,Harris County, 0399 - Harris County Carver Middle School,35.2
672,Harris County, 0188 - Park Elementary School,61.86
673,Hart County, 0191 - Hart County Middle School,64.31
673,Hart County, 0102 - North Hart Elementary School,67.05
673,Hart County, 5050 - Hartwell Elementary School,65.78
673,Hart County, 3050 - Hart County High School,53.54
673,Hart County, 0202 - South Hart Elementary School,74.29
674,Heard County, 2050 - Ephesus Elementary School,64.41
674,Heard County, 1050 - Centralhatchee Elementary School,67.72
674,Heard County, 0106 - Heard Elementary School,73.49
674,Heard County, 0102 - Heard County Middle School,69.79
674,Heard County, 0110 - Heard County High School,59.1
675,Henry County, 0215 - Hampton Middle School,64.87
675,Henry County, 0101 - Union Grove High,24.86
675,Henry County, 0297 - Hickory Flat Elementary School,58.31
675,Henry County, 0303 - Unity Grove Elementary School,46.21
675,Henry County, 0307 - Ola High School,28.01
675,Henry County, 0308 - Woodland Middle School,46.62
675,Henry County, 0391 - Eagle's Landing High School,52.39
675,Henry County, 0394 - Eagle's Landing Middle School,65.54
675,Henry County, 0397 - Austin Road Middle School,63.86
675,Henry County, 0403 - Red Oak Elementary School,63.55
675,Henry County, 0407 - New Hope Elementary,41.95
675,Henry County, 0408 - Woodland High School,39.28
675,Henry County, 0503 - Flippen Elementary School,47.81
675,Henry County, 0507 - Ola Middle School,32.03
675,Henry County, 0603 - Luella Middle School,49.81
675,Henry County, 0703 - Union Grove Middle,27.36
675,Henry County, 0803 - McDonough Elementary School,84.85
675,Henry County, 0295 - Stockbridge High School,64.25
675,Henry County, 2050 - Hampton Elementary School,74.37
675,Henry County, 2552 - Smith-Barnes Elementary School,80.61
675,Henry County, 3050 - McDonough High School,74.36
675,Henry County, 3052 - Stockbridge Elementary School,80.71
675,Henry County, 4050 - McDonough Middle School,79.78
675,Henry County, 5050 - Locust Grove Elementary School,68.25
675,Henry County, 5052 - Stockbridge Middle School,78.07
675,Henry County, 0100 - Ola Elementary School,31.33
675,Henry County, 0104 - Luella High School,52.61
675,Henry County, 0105 - Dutchtown High,47.46
675,Henry County, 0106 - Luella Elementary School,52.87
675,Henry County, 0107 - Dutchtown Elementary School,42.38
675,Henry County, 0108 - Woodland Elementary School,53.75
675,Henry County, 0191 - Cotton Indian Elementary School,68.91
675,Henry County, 0194 - Wesley Lakes Elementary School,81.21
675,Henry County, 0195 - Patrick Henry High School,65.58
675,Henry County, 0196 - Pate's Creek Elementary School,50.15
675,Henry County, 0197 - Pleasant Grove Elementary School,54.69
675,Henry County, 0200 - Mount Carmel Elementary School,56.97
675,Henry County, 0203 - East Lake Elementary,25.3
675,Henry County, 0206 - Dutchtown Middle School,52.95
675,Henry County, 0207 - Timber Ridge Elementary School,26.16
675,Henry County, 0208 - Walnut Creek Elementary,69.81
675,Henry County, 0209 - Bethlehem Elementary School,35.77
675,Henry County, 0291 - Oakland Elementary School,79.18
675,Henry County, 0294 - Austin Road Elementary School,62.99
675,Henry County, 0214 - Locust Grove High,42.31
675,Henry County, 0213 - Locust Grove Middle,46.94
675,Henry County, 0211 - Rocky Creek Elementary,55.65
675,Henry County, 0509 - Rock Spring Elementary,38.57
675,Henry County, 0409 - Tussahaw Elementary,68.09
675,Henry County, 1050 - Fairview Elementary School,69.79
676,Houston County, 2054 - Morningside Elementary School,73.27
676,Houston County, 2058 - Westside Elementary School,*
676,Houston County, 3052 - Parkwood Elementary School,*
676,Houston County, 3056 - Tucker Elementary School,69.97
676,Houston County, 3550 - Kings Chapel Elementary School,45.59
676,Houston County, 4050 - Lindsey Elementary School,*
676,Houston County, 4054 - Russell Elementary School,*
676,Houston County, 4056 - Warner Robins High School,61.62
676,Houston County, 5050 - Miller Elementary School,*
676,Houston County, 5054 - Shirley Hills Elementary School,65.49
676,Houston County, 5056 - Warner Robins Middle School,71.54
676,Houston County, 0296 - Bonaire Middle School,35.28
676,Houston County, 0300 - Houston County Career Academy,68.09
676,Houston County, 0400 - Perry Primary School,70.7
676,Houston County, 1050 - Bonaire Elementary School,26.5
676,Houston County, 1052 - Northside Middle School,*
676,Houston County, 0194 - David A. Perdue Elementary School,42.99
676,Houston County, 0195 - Quail Run Elementary School,47.42
676,Houston County, 0196 - Feagin Mill Middle School,33.29
676,Houston County, 0199 - Matthew Arthur Elementary School,37.84
676,Houston County, 0200 - Perry Middle School,61.36
676,Houston County, 0204 - Thomson Middle School,71.62
676,Houston County, 0208 - Lake Joy Elementary School,30.94
676,Houston County, 0309 - Hilltop Elementary School,39.66
676,Houston County, 0111 - Veterans High School,26.04
676,Houston County, 0100 - Eagle Springs Elementary,54.05
676,Houston County, 0102 - C. B. Watson Primary School,*
676,Houston County, 0103 - Lake Joy Primary School,30.6
676,Houston County, 0104 - David A. Perdue Primary ,47.82
676,Houston County, 0105 - Huntington Middle School,72.53
676,Houston County, 0108 - Mossy Creek Middle School,27.54
676,Houston County, 0175 - Pearl Stephens Elementary School,*
676,Houston County, 0191 - Northside Elementary School,*
676,Houston County, 0192 - Houston County High School,26.11
676,Houston County, 1054 - Perry High School,52.35
676,Houston County, 2050 - Centerville Elementary School,*
676,Houston County, 2052 - Northside High School,62.61
677,Irwin County, 0173 - Irwin County Middle School,70.92
677,Irwin County, 2050 - Irwin County High School,62.98
677,Irwin County, 0188 - Irwin County Elementary School,70.07
678,Jackson County, 0297 - West Jackson Middle School,39.7
678,Jackson County, 1050 - Benton Elementary School,79.74
678,Jackson County, 2550 - Maysville Elementary School,79.45
678,Jackson County, 0197 - East Jackson Middle School,67.35
678,Jackson County, 0209 - Gum Springs Elementary School,30.8
678,Jackson County, 3050 - North Jackson Elementary School,65.02
678,Jackson County, 0104 - East Jackson Elementary School,57.83
678,Jackson County, 0191 - Jackson County High School,39.79
678,Jackson County, 0101 - West Jackson Elementary School,45.79
678,Jackson County, 0107 - East Jackson Comprehensive High School,64.93
678,Jackson County, 4050 - South Jackson Elementary School,66.95
678,Jackson County, 0280 - West Jackson Primary,44.6
679,Jasper County, 0108 - Jasper County High School,64.18
679,Jasper County, 0195 - Jasper County Primary School,78.44
679,Jasper County, 0201 - Jasper County Middle School,72.61
679,Jasper County, 0100 - Washington Park Elementary School,72.58
680,Jeff Davis County, 0175 - Jeff Davis Elementary School,*
680,Jeff Davis County, 0199 - Jeff Davis High School,61.49
680,Jeff Davis County, 0111 - Jeff Davis Middle School,*
680,Jeff Davis County, 0105 - Jeff Davis Primary School,*
779,Jefferson City, 0174 - Jefferson High School,25.06
779,Jefferson City, 3050 - Jefferson Elementary School,34.52
779,Jefferson City, 0107 - Jefferson Academy,33.52
779,Jefferson City, 0101 - Jefferson Middle School,31.95
681,Jefferson County, 0396 - Wrens Middle School,79.79
681,Jefferson County, 1550 - Louisville Academy School,87.94
681,Jefferson County, 3550 - Wrens Elementary School,84.99
681,Jefferson County, 1050 - Carver Elementary School,94.32
681,Jefferson County, 0296 - Louisville Middle School,93.18
681,Jefferson County, 0196 - Jefferson County High School,79.76
682,Jenkins County, 0101 - Jenkins County Middle School,*
682,Jenkins County, 0201 - Jenkins County High School,*
682,Jenkins County, 1050 - Jenkins County Elementary School,*
683,Johnson County, 0201 - Johnson County High School ,60.12
683,Johnson County, 0197 - Johnson County Elementary School,75.99
683,Johnson County, 0101 - Johnson County Middle School,76.84
684,Jones County, 0199 - Dames Ferry Elementary School,42.42
684,Jones County, 0192 - Jones County High School,41.88
684,Jones County, 0114 - Turner Woods Elementary School,41.76
684,Jones County, 0101 - Clifton Ridge Middle School,59.68
684,Jones County, 1550 - Gray Elementary School,44.3
684,Jones County, 0106 - Gray Station Middle School,42.02
684,Jones County, 0102 - Mattie Wells Elementary School,75.7
685,Lamar County, 0175 - Lamar County High School,65.92
685,Lamar County, 0105 - Lamar County Elementary School,75.96
685,Lamar County, 0205 - Lamar County Primary School,73.3
685,Lamar County, 0199 - Lamar County Middle School,68.75
686,Lanier County, 0101 - Lanier County Middle School,74.28
686,Lanier County, 0201 - Lanier County High School,74.94
686,Lanier County, 0111 - Lanier County Elementary School,74.28
686,Lanier County, 3050 - Lanier County Primary School,72.75
687,Laurens County, 0101 - Southwest Laurens Elementary,72.34
687,Laurens County, 0104 - East Laurens Primary School,81.29
687,Laurens County, 0105 - East Laurens Elementary School,80.92
687,Laurens County, 0197 - East Laurens High School,74.84
687,Laurens County, 0201 - Northwest Laurens Elementary,42.6
687,Laurens County, 0297 - East Laurens Middle School,84.71
687,Laurens County, 2054 - West Laurens Middle School,56.98
687,Laurens County, 0110 - West Laurens High School,51.54
688,Lee County, 0187 - Lee County Primary School,46.59
688,Lee County, 0193 - Lee County High School,37.4
688,Lee County, 0103 - Lee County Elementary School,44.96
688,Lee County, 0101 - Lee County Middle School West,42.19
688,Lee County, 0209 - Lee High School 9th Grade Campus,40.04
688,Lee County, 0393 - Twin Oaks Elementary,40.86
688,Lee County, 0114 - Lee County Middle School East,48.57
688,Lee County, 0197 - Kinchafoonee Primary School,45.23
689,Liberty County, 0102 - Liberty Elementary School ,70.47
689,Liberty County, 0197 - Lewis Frasier Middle School,65.07
689,Liberty County, 0100 - Waldo Pafford Elementary School,73.39
689,Liberty County, 0195 - Snelson-Golden Middle School,76.24
689,Liberty County, 0194 - Taylors Creek Elementary School,63.94
689,Liberty County, 0192 - Liberty County High School,58.83
689,Liberty County, 0189 - Joseph Martin Elementary School,64.49
689,Liberty County, 0196 - Frank Long Elementary School,74.01
689,Liberty County, 0101 - Midway Middle School,68.33
689,Liberty County, 0183 - Lyman Hall Elementary School,77.13
689,Liberty County, 0180 - Button Gwinnett Elementary School,77.3
689,Liberty County, 0105 - Bradwell Institute,66.76
690,Lincoln County, 0176 - Lincoln County Elementary School,69.58
690,Lincoln County, 0101 - Lincoln County Middle School,57.5
690,Lincoln County, 0110 - Lincoln County High School,55.62
691,Long County, 0205 - Long County High School,66.75
691,Long County, 0114 - Long County Middle School,72.9
691,Long County, 0214 - Walker Elementary School,73.02
691,Long County, 0100 - Smiley Elementary School,75.42
692,Lowndes County, 4050 - Lake Park Elementary School,61.87
692,Lowndes County, 0100 - Dewar Elementary ,50.24
692,Lowndes County, 0211 - Pine Grove Elementary School,54.82
692,Lowndes County, 0111 - Westside Elementary School,34.15
692,Lowndes County, 5050 - Lowndes High School,41.76
692,Lowndes County, 0112 - Pine Grove Middle School,48.68
692,Lowndes County, 1052 - Lowndes Middle School,66.44
692,Lowndes County, 0194 - Moulton-Branch Elementary School,70.57
692,Lowndes County, 1050 - Clyattville Elementary School,80.29
692,Lowndes County, 0195 - Hahira Elementary School,44.68
692,Lowndes County, 3050 - Hahira Middle School,36.84
693,Lumpkin County, 0191 - Long Branch Elementary School,64.62
693,Lumpkin County, 2050 - Cottrell Elementary School,55.59
693,Lumpkin County, 1050 - Lumpkin County Middle School,56.44
693,Lumpkin County, 0103 - Blackburn Elementary School,55.35
693,Lumpkin County, 0101 - Lumpkin County High School,47.29
694,Macon County, 0199 - Macon County Middle School,82
694,Macon County, 0198 - Macon County Elementary School,84.7
694,Macon County, 2060 - Macon County High School,79.09
695,Madison County, 1052 - Madison County Middle School,63.18
695,Madison County, 1050 - Colbert Elementary School,66.67
695,Madison County, 0195 - Danielsville Elementary School,64.91
695,Madison County, 2050 - Comer Elementary School,59.12
695,Madison County, 0101 - Hull-Sanford Elementary School,72.09
695,Madison County, 4050 - Ila Elementary School,59.82
695,Madison County, 5050 - Madison County High School,57.28
781,Marietta City, 0106 - Marietta Center for Advanced Academics,31.35
781,Marietta City, 3050 - Hickory Hills Elementary School,81.11
781,Marietta City, 2052 - Park Street Elementary School,90.98
781,Marietta City, 0303 - Marietta Sixth Grade Academy,70.43
781,Marietta City, 0203 - Marietta Middle School ,71.79
781,Marietta City, 0194 - Dunleith Elementary School,79.64
781,Marietta City, 0294 - Lockheed Elementary School,78.05
781,Marietta City, 0207 - George W. Hartmann Center,*
781,Marietta City, 0188 - A.L. Burruss Elementary School,49.68
781,Marietta City, 5052 - West Side Elementary School,17.04
781,Marietta City, 0104 - Sawyer Road Elementary School,74.04
781,Marietta City, 0101 - Marietta High School ,55.53
696,Marion County, 0275 - Marion County Middle/High School,70.05
696,Marion County, 0197 - L. K. Moss Elementary School,80.07
697,McDuffie County, 0192 - Thomson High School,68.15
697,McDuffie County, 0113 - Norris Elementary School,79.21
697,McDuffie County, 0112 - Thomson-McDuffie Middle School,76.28
697,McDuffie County, 0191 - Dearing Elementary School,77.98
697,McDuffie County, 0179 - Maxwell Elementary School,86.05
697,McDuffie County, 4050 - Thomson Elementary School,82.39
698,McIntosh County, 0101 - McIntosh County Middle School,89.26
698,McIntosh County, 0105 - Oak Grove Intermediate School,89.2
698,McIntosh County, 0104 - McIntosh Academy,71.28
698,McIntosh County, 0205 - Todd Grant Elementary School,89.23
699,Meriwether County, 5050 - Manchester Middle School,79.6
699,Meriwether County, 4050 - Manchester High School,78.37
699,Meriwether County, 0400 - Greenville Middle School,87.76
699,Meriwether County, 0300 - Greenville High School,82.47
699,Meriwether County, 0200 - Mountain View Elementary School,79.05
699,Meriwether County, 0100 - Unity Elementary School (PK-5),84.22
699,Meriwether County, 0102 - George E. Washington Elementary School (PK-5),92.53
700,Miller County, 0110 - Miller County Elementary School,88.47
700,Miller County, 0310 - Miller County Middle School,89.7
700,Miller County, 0210 - Miller County High School,88.74
701,Mitchell County, 0197 - Mitchell County Middle School,*
701,Mitchell County, 0198 - Mitchell County Primary School,*
701,Mitchell County, 0282 - Mitchell County High School,*
701,Mitchell County, 0105 - Baconton Community Charter School,*
701,Mitchell County, 0111 - Mitchell County Elementary School,*
702,Monroe County, 0105 - T.G. Scott Elementary School,53.4
702,Monroe County, 0205 - Samuel E. Hubbard Elementary School,79.25
702,Monroe County, 0111 - Katherine B. Sutton Elementary School,75.26
702,Monroe County, 0113 - Monroe County Middle School  Banks Stephens Campus,59.63
702,Monroe County, 0184 - Mary Persons High School,54.2
703,Montgomery County, 0114 - Z - Montgomery Academy,#
703,Montgomery County, 0101 - Montgomery County Middle School,89.71
703,Montgomery County, 0107 - Montgomery County Elementary School,89.69
703,Montgomery County, 0201 - Montgomery County High School,62.16
704,Morgan County, 0191 - Morgan County Elementary School,51.57
704,Morgan County, 5050 - Morgan County Middle School,49.41
704,Morgan County, 3050 - Morgan County Primary School,60.09
704,Morgan County, 1050 - Morgan County High School,42.89
705,Murray County, 0190 - Murray County High School,71.64
705,Murray County, 0195 - Coker Elementary School,74.67
705,Murray County, 0198 - Eton Elementary School,80.56
705,Murray County, 0104 - Woodlawn Elementary School,73.22
705,Murray County, 0108 - Pleasant Valley Innovative School,*
705,Murray County, 5050 - Northwest Elementary School,75.88
705,Murray County, 0204 - Bagley Middle School,71.96
705,Murray County, 1050 - Chatsworth Elementary School,79.04
705,Murray County, 1052 - Spring Place Elementary School,83.38
705,Murray County, 4050 - Gladden Middle School,76.99
705,Murray County, 0112 - North Murray High School,67.83
706,Muscogee County, 0278 - Shaw High School,50.62
706,Muscogee County, 0100 - Midland Middle School,62.53
706,Muscogee County, 0102 - Fox Elementary School,*
706,Muscogee County, 0104 - North Columbus Elementary,42.78
706,Muscogee County, 1056 - Cusseta Road Elementary School,*
706,Muscogee County, 1058 - Dimon Elementary ,*
706,Muscogee County, 1062 - Georgetown Elementary School,*
706,Muscogee County, 1064 - Kendrick High School,*
706,Muscogee County, 1066 - Reese Road Leadership Academy,65.65
706,Muscogee County, 2050 - Arnold Middle School,69.37
706,Muscogee County, 2054 - Clubview Elementary School,34.01
706,Muscogee County, 2058 - Double Churches Elementary School,41.3
706,Muscogee County, 2062 - Hardaway High School,63.37
706,Muscogee County, 2064 - Key Elementary School,*
706,Muscogee County, 2065 - Muscogee Elementary School,*
706,Muscogee County, 2066 - Richards Middle School,66.27
706,Muscogee County, 2067 - Rothschild Leadership Academy School,*
706,Muscogee County, 3054 - Columbus High School,20.28
706,Muscogee County, 3056 - Britt David Elementary Computer Magnet Academy,14.11
706,Muscogee County, 2052 - Blanchard Elementary School,46.77
706,Muscogee County, 0115 - Aaron Cohn Middle School,40.42
706,Muscogee County, 0112 - Early College Academy of Columbus at Waverly Terrace,77.78
706,Muscogee County, 3060 - Forrest Road Elementary School,*
706,Muscogee County, 3066 - Rigdon Road Elementary School,*
706,Muscogee County, 3068 - St. Marys Video and Communication Technology,*
706,Muscogee County, 3069 - Waddell Elementary School,81
706,Muscogee County, 4056 - Davis Elementary School,*
706,Muscogee County, 4058 - Lonnie Jackson Academy,*
706,Muscogee County, 4062 - Johnson Elementary School,*
706,Muscogee County, 4065 - Allen Elementary School,70
706,Muscogee County, 4066 - River Road Elementary School,78.35
706,Muscogee County, 4067 - South Columbus Elementary School,*
706,Muscogee County, 4070 - Wynnton Elementary School,76.73
706,Muscogee County, 5052 - Carver High School,*
706,Muscogee County, 5056 - Dawson Elementary School,*
706,Muscogee County, 5058 - Eddy Middle School,*
706,Muscogee County, 5060 - Gentian Elementary School,78.21
706,Muscogee County, 4064 - Mathews Elementary School,21.26
706,Muscogee County, 0296 - Downtown Elementary Magnet Academy,*
706,Muscogee County, 0300 - Baker Middle School,*
706,Muscogee County, 0301 - East Columbus Magnet Academy,*
706,Muscogee County, 0378 - Spencer High School,*
706,Muscogee County, 5062 - Jordan Vocational High School,*
706,Muscogee County, 5069 - Wesley Heights Elementary School,*
706,Muscogee County, 0108 - Eagle Ridge Academy,37.48
706,Muscogee County, 0178 - Fort Middle School,86.43
706,Muscogee County, 0191 - Hannan Elementary ,*
706,Muscogee County, 0192 - Brewer Elementary School,*
706,Muscogee County, 0196 - Blackmon Road Middle School,30.03
706,Muscogee County, 0401 - Double Churches Middle School,70.93
706,Muscogee County, 0501 - Midland Academy,48.12
706,Muscogee County, 0200 - Martin Luther King  Jr. Elementary School,*
706,Muscogee County, 0203 - Northside High School,30.14
706,Muscogee County, 0204 - Veterans Memorial Middle School,41.3
7991894,N/A, 1894 - N/A,65.79
7991893,N/A, 1893 - N/A,77.47
7991895,N/A, 1895 - N/A,65.66
707,Newton County, 4050 - Mansfield Elementary School,46.56
707,Newton County, 4550 - Heard-Mixon Elementary School,72.89
707,Newton County, 0122 - Flint Hill Elementary,71.49
707,Newton County, 0206 - Alcovy High School,58.96
707,Newton County, 0295 - Eastside High School,42.92
707,Newton County, 0298 - West Newton Elementary School,89.01
707,Newton County, 0398 - Indian Creek Middle School,60.3
707,Newton County, 5050 - Porterdale Elementary School,86.89
707,Newton County, 0101 - Veterans Memorial Middle School,75.45
707,Newton County, 0102 - Oak Hill Elementary School,63.98
707,Newton County, 0106 - Rocky Plains Elementary School,72.2
707,Newton County, 0173 - Newton High School,71.86
707,Newton County, 0196 - Cousins Middle School,66.36
707,Newton County, 0117 - Clements Middle School,85.03
707,Newton County, 0114 - Liberty Middle School,81.1
707,Newton County, 0115 - Live Oak Elementary,84.08
707,Newton County, 0111 - South Salem Elementary School,78.78
707,Newton County, 0124 - Fairview Elementary,83.14
707,Newton County, 3050 - Livingston Elementary School,79.18
707,Newton County, 1050 - East Newton Elementary School,54.47
707,Newton County, 0123 - Newton County Theme School at Ficquett,29.67
707,Newton County, 0198 - Middle Ridge Elementary School,89.18
708,Oconee County, 0188 - Oconee County Primary School,37.05
708,Oconee County, 0193 - Oconee County Middle School,28.66
708,Oconee County, 0197 - Malcom Bridge Elementary School,22.49
708,Oconee County, 0198 - Malcom Bridge Middle School,23.71
708,Oconee County, 0293 - Oconee County High School,20.56
708,Oconee County, 1050 - Oconee County Elementary School,33.19
708,Oconee County, 0110 - High Shoals Elementary School,22.99
708,Oconee County, 0103 - Rocky Branch Elementary School,19.97
708,Oconee County, 0105 - North Oconee High School,21.53
708,Oconee County, 3050 - Colham Ferry Elementary School,23.93
709,Oglethorpe County, 0298 - Oglethorpe County Primary School,65.97
709,Oglethorpe County, 2050 - Oglethorpe County High School,55.71
709,Oglethorpe County, 0112 - Oglethorpe County Middle School,61.69
709,Oglethorpe County, 0198 - Oglethorpe County Elementary School,59.11
710,Paulding County, 0310 - Hal Hutchens Elementary,49.3
710,Paulding County, 0210 - Sara M. Ragsdale Elementary,57.63
710,Paulding County, 0410 - Carl Scoggins Sr. Middle School,54.83
710,Paulding County, 0294 - Northside Elementary School,52.51
710,Paulding County, 0292 - East Paulding High School,35.39
710,Paulding County, 5050 - Hiram Elementary School,63.64
710,Paulding County, 4052 - Union Elementary School,54.25
710,Paulding County, 2552 - Paulding County High School,52.45
710,Paulding County, 2352 - Herschel Jones Middle School,62.62
710,Paulding County, 2052 - New Georgia Elementary School,50.72
710,Paulding County, 1050 - Dallas Elementary School,73.86
710,Paulding County, 0404 - Irma C. Austin Middle School,42.84
710,Paulding County, 0394 - East Paulding Middle School,35.26
710,Paulding County, 0204 - Roland W. Russom Elementary,29.15
710,Paulding County, 0201 - Lena Mae Moses Middle School,37.75
710,Paulding County, 0199 - C. A. Roberts Elementary School,45.33
710,Paulding County, 0198 - Nebo Elementary School,45.99
710,Paulding County, 0197 - Sam D. Panter Elementary School,55.41
710,Paulding County, 0194 - Floyd L. Shelton Elementary School at Crossroad,16.91
710,Paulding County, 0192 - South Paulding Middle School,47.32
710,Paulding County, 0188 - McGarity Elementary School,43.68
710,Paulding County, 0110 - Burnt Hickory Elementary School,21.32
710,Paulding County, 0109 - North Paulding High School,21.13
710,Paulding County, 0108 - Sammy McClure Sr. Middle School,18.01
710,Paulding County, 0106 - South Paulding High School,39.87
710,Paulding County, 0104 - Lillian C. Poole Elementary School,55.66
710,Paulding County, 0103 - Bessie L. Baggett Elementary,55.25
710,Paulding County, 0113 - WC Abney Elementary,36.77
710,Paulding County, 0213 - P. B. Ritch Middle School,57.61
710,Paulding County, 0297 - J. A. Dobbins Middle School,56.65
710,Paulding County, 0299 - Allgood Elementary School,61.07
710,Paulding County, 0304 - Connie Dugan Elementary School,44.67
710,Paulding County, 0101 - Hiram High School,45.88
711,Peach County, 0210 - Hunt Elementary School,89.55
711,Peach County, 1050 - Byron Elementary School,59.25
711,Peach County, 0197 - Byron Middle School,48.06
711,Peach County, 0191 - Fort Valley Middle School,91.39
711,Peach County, 2052 - Peach County High School,61.76
711,Peach County, 0110 - Kay Road Elementary,69.38
784,Pelham City, 0201 - Pelham City Middle School,92.26
784,Pelham City, 0111 - Pelham High School,92.1
784,Pelham City, 3050 - Pelham Elementary School,92.04
712,Pickens County, 0103 - Hill City Elementary School,59.74
712,Pickens County, 0106 - Harmony Elementary School,58.16
712,Pickens County, 0189 - Pickens County Junior High School,55.04
712,Pickens County, 0198 - Pickens County High School,49.73
712,Pickens County, 0303 - Tate Elementary School,64.01
712,Pickens County, 0203 - Jasper Middle School,61.96
712,Pickens County, 0403 - Z - Jasper Middle School,53.3
713,Pierce County, 0297 - Blackshear Elementary School,71.18
713,Pierce County, 4050 - Patterson Elementary School,60.58
713,Pierce County, 0112 - Midway Elementary School,56.02
713,Pierce County, 0197 - Pierce County Middle School,60.19
713,Pierce County, 0182 - Pierce County High School,56.13
714,Pike County, 0194 - Pike County High School,38.87
714,Pike County, 0195 - Pike County Middle School,44.7
714,Pike County, 0188 - Pike County Primary School,52.27
714,Pike County, 0101 - Pike County Elementary School,44.02
715,Polk County, 0310 - Youngs Grove Elementary School,83.14
715,Polk County, 0210 - Van Wert Elementary School,83.06
715,Polk County, 0188 - Northside Elementary,83.07
715,Polk County, 0207 - Harpst Academy,83.93
715,Polk County, 0274 - Eastside Elementary School,83.05
715,Polk County, 5050 - Cedartown High School,83.13
715,Polk County, 0102 - Rockmart High School,83.07
715,Polk County, 0103 - Cedartown Middle School,83.07
715,Polk County, 0104 - Rockmart Middle School,83.12
715,Polk County, 0174 - Westside Elementary School,83.15
715,Polk County, 0183 - Cherokee Elementary School,83.01
716,Pulaski County, 2050 - Hawkinsville High School,64.01
716,Pulaski County, 0195 - Pulaski County Middle School,77.96
716,Pulaski County, 3050 - Pulaski County Elementary School,74.46
717,Putnam County, 0112 - Putnam County Primary School,82.33
717,Putnam County, 0111 - Putnam County Middle School,77.36
717,Putnam County, 0114 - Putnam County High School,75.84
717,Putnam County, 0113 - Putnam County Elementary School,80.62
718,Quitman County, 0110 - Quitman County High School,*
718,Quitman County, 0199 - Quitman County Elementary,*
719,Rabun County, 0114 - Rabun County Primary School,76.1
719,Rabun County, 0105 - Rabun County Elementary School,72.26
719,Rabun County, 0100 - Rabun County Middle School,64.57
719,Rabun County, 0177 - Rabun County High School ,60.42
720,Randolph County, 2050 - Randolph County Elementary School,*
720,Randolph County, 0201 - Randolph Clay High School,89.28
720,Randolph County, 0101 - Randolph County Middle School,93.75
721,Richmond County, 2574 - Westside High School,*
721,Richmond County, 3050 - Bayvale Elementary School,*
721,Richmond County, 3054 - Glenn Hills High School,*
721,Richmond County, 3062 - Sego Middle School,*
721,Richmond County, 3556 - Johnson Health Science and Engineering Magnet School,*
721,Richmond County, 3756 - Josey High School,*
721,Richmond County, 4050 - Blythe Elementary School,*
721,Richmond County, 4054 - Gracewood Elementary School,*
721,Richmond County, 4058 - Monte Sano Elementary School,*
721,Richmond County, 4060 - Academy of Richmond County High School,*
721,Richmond County, 4062 - Southside Elementary School,*
721,Richmond County, 4064 - Wheeless Road Elementary School,*
721,Richmond County, 4562 - Davidson Fine Arts Magnet,*
721,Richmond County, 4762 - Terrace Manor Elementary School,*
721,Richmond County, 5054 - Dorothy Hains Elementary School,*
721,Richmond County, 0115 - W.S. Hornsby Middle School,*
721,Richmond County, 0213 - Richmond County Technical Career Magnet School,*
721,Richmond County, 0114 - Pine Hill Middle School,*
721,Richmond County, 0116 - Lamar - Milledge Elementary School,*
721,Richmond County, 0104 - Wilkinson Gardens Elementary School,*
721,Richmond County, 0105 - Deer Chase Elementary School,*
721,Richmond County, 0107 - Lighthouse Care Center of Augusta,*
721,Richmond County, 0177 - Meadowbrook Elementary School,*
721,Richmond County, 0184 - Morgan Road Middle School,*
721,Richmond County, 0201 - Sue Reynolds Elementary School ,*
721,Richmond County, 0205 - Diamond Lakes Elementary School,*
721,Richmond County, 0290 - Willis Foreman Elementary School,*
721,Richmond County, 0294 - Tobacco Road Elementary School,*
721,Richmond County, 0297 - McBean Elementary School,*
721,Richmond County, 0300 - Lake Forest Hills Elementary School,*
721,Richmond County, 0301 - Jenkins-White Elementary School,*
721,Richmond County, 0390 - Spirit Creek Middle School,*
721,Richmond County, 1060 - National Hills Elementary School,*
721,Richmond County, 1062 - Rollins Elementary School,*
721,Richmond County, 1064 - Walker Traditional Elementary School,*
721,Richmond County, 1065 - Windsor Spring Road Elementary School,*
721,Richmond County, 1156 - Hephzibah Middle School,*
721,Richmond County, 2050 - Barton Chapel Elementary School,*
721,Richmond County, 1052 - Butler High School,*
721,Richmond County, 1054 - Garrett Elementary School,*
721,Richmond County, 1058 - Langford Middle School,*
721,Richmond County, 5058 - Murphey Middle School,*
721,Richmond County, 5564 - Tutt Middle School,*
721,Richmond County, 5566 - Laney High School,*
721,Richmond County, 0189 - Jamestown Elementary School,*
721,Richmond County, 0190 - Collins Elementary School,*
721,Richmond County, 0194 - Goshen Elementary School,*
721,Richmond County, 0197 - Glenn Hills Middle School,*
721,Richmond County, 0100 - Cross Creek High School,*
721,Richmond County, 0101 - Craig-Houghton Elementary School,*
721,Richmond County, 0102 - Hephzibah Elementary School,*
721,Richmond County, 0103 - Freedom Park K-8 School,*
721,Richmond County, 2052 - Copeland Elementary School,*
721,Richmond County, 2054 - Glenn Hills Elementary School,*
721,Richmond County, 2056 - Hephzibah High School,*
721,Richmond County, 2058 - Merry Elementary School,*
721,Richmond County, 2064 - Warren Road Elementary School,*
722,Rockdale County, 0110 - Hicks Elementary School,78.8
722,Rockdale County, 0176 - Heritage High School,53.98
722,Rockdale County, 3052 - Rockdale County High School,63.49
722,Rockdale County, 2052 - Pine Street Elementary School,92.43
722,Rockdale County, 2050 - Flat Shoals Elementary School,76.44
722,Rockdale County, 0378 - Edwards Middle School,75.08
722,Rockdale County, 0294 - Memorial Middle School,68.92
722,Rockdale County, 0289 - Hightower Trail Elementary School,69.55
722,Rockdale County, 0278 - Conyers Middle School,82.47
722,Rockdale County, 0197 - Lorraine Elementary School,45.76
722,Rockdale County, 0102 - Peek's Chapel Elementary,83.48
722,Rockdale County, 0107 - General Ray Davis Middle School,54.22
722,Rockdale County, 0174 - Honey Creek Elementary School,59.39
722,Rockdale County, 5050 - House Elementary School,90.53
722,Rockdale County, 0178 - Barksdale Elementary School,65.23
722,Rockdale County, 0189 - Sims Elementary School,76.79
722,Rockdale County, 0192 - Salem High School,64.85
722,Rockdale County, 0194 - Shoal Creek Elementary School,76.04
785,Rome City, 1054 - Southeast Elementary School,94.44
785,Rome City, 0293 - Rome Middle School,74.43
785,Rome City, 0275 - East Central Elementary School,50.65
785,Rome City, 0193 - Rome High School,64.2
785,Rome City, 3052 - Old Main Elementary School,*
785,Rome City, 0105 - Elm Street Elementary,92.66
785,Rome City, 2054 - West End Elementary School,74.49
785,Rome City, 4052 - North Heights Elementary School,82.16
785,Rome City, 0173 - West Central Elementary School,93.5
625,Savannah-Chatham County, 0311 - Coastal Middle School,32.67
625,Savannah-Chatham County, 0109 - Coastal Empire Montessori Charter School,51.74
625,Savannah-Chatham County, 0511 - Shuman Elementary School,*
625,Savannah-Chatham County, 0210 - The School of Liberal Studies at Savannah High,86.14
625,Savannah-Chatham County, 0211 - Godley Station School,38.34
625,Savannah-Chatham County, 0117 - New Hampstead High School,50.44
625,Savannah-Chatham County, 0116 - Pulaski Elementary SChool,72.35
625,Savannah-Chatham County, 0124 - The STEM Academy at Bartlett,56.16
625,Savannah-Chatham County, 0125 - Tybee Island Maritime Academy School,29.61
625,Savannah-Chatham County, 0128 - Savannah Classical Academy Charter School,66.67
625,Savannah-Chatham County, 0115 - Woodville-Tompkins Technical and Career High School,66.88
625,Savannah-Chatham County, 0118 - Oglethorpe Charter School,50.61
625,Savannah-Chatham County, 0101 - Johnson High School,74.51
625,Savannah-Chatham County, 0107 - UHS of Savannah Coastal Harbor Treatment Center,#
625,Savannah-Chatham County, 0191 - East Broad Street School,*
625,Savannah-Chatham County, 0192 - Esther F. Garrison School for the Arts,39.89
625,Savannah-Chatham County, 0194 - Georgetown School,49.32
625,Savannah-Chatham County, 0197 - Garden City Elementary School,91.64
625,Savannah-Chatham County, 0199 - West Chatham Middle School,69.67
625,Savannah-Chatham County, 0200 - West Chatham Elementary School,48.6
625,Savannah-Chatham County, 0201 - DeRenne Middle School,94.13
625,Savannah-Chatham County, 0298 - Marshpoint Elementary School,30.32
625,Savannah-Chatham County, 0299 - Southwest Middle School,77.05
625,Savannah-Chatham County, 0300 - Southwest Elementary School,64.68
625,Savannah-Chatham County, 0301 - Myers Middle School ,93.54
625,Savannah-Chatham County, 0499 - Savannah Arts Academy,10.8
625,Savannah-Chatham County, 1052 - Otis J Brock III Elementary School,*
625,Savannah-Chatham County, 1056 - Gadsden Elementary School,*
625,Savannah-Chatham County, 1058 - Heard Elementary School,60.62
625,Savannah-Chatham County, 1060 - May Howard Elementary School,22.83
625,Savannah-Chatham County, 1070 - White Bluff Elementary School,85.89
625,Savannah-Chatham County, 2052 - Beach High School,84.93
625,Savannah-Chatham County, 2056 - Gould Elementary School,78.09
625,Savannah-Chatham County, 2060 - Hubert Middle School,92.67
625,Savannah-Chatham County, 2062 - Largo-Tibet Elementary School,77.63
625,Savannah-Chatham County, 2068 - Andrea B Williams Elementary School,*
625,Savannah-Chatham County, 2069 - Thunderbolt Elementary School,*
625,Savannah-Chatham County, 3056 - Groves High School,75.57
625,Savannah-Chatham County, 3060 - Isle of Hope School,74.66
625,Savannah-Chatham County, 3062 - Low Elementary School,90.81
625,Savannah-Chatham County, 3064 - Pooler Elementary School,59.2
625,Savannah-Chatham County, 4052 - Bloomingdale Elementary School,58.48
625,Savannah-Chatham County, 4054 - Ellis Elementary School,36.04
625,Savannah-Chatham County, 4056 - Haven Elementary School,*
625,Savannah-Chatham County, 4058 - Hesse School,39.5
625,Savannah-Chatham County, 4068 - Port Wentworth Elementary School,80.15
625,Savannah-Chatham County, 4070 - Windsor Forest Elementary School,77.75
625,Savannah-Chatham County, 5052 - Butler Elementary School,92.38
625,Savannah-Chatham County, 5058 - Hodge Elementary School,*
625,Savannah-Chatham County, 5060 - Jenkins High School,64.33
625,Savannah-Chatham County, 5062 - Mercer Middle School,93.75
625,Savannah-Chatham County, 5066 - Jacob G. Smith Elementary School,42.93
625,Savannah-Chatham County, 5070 - Windsor Forest High School,55.72
625,Savannah-Chatham County, 0411 - Islands High School,28.68
723,Schley County, 0198 - Schley County Elementary School,60.61
723,Schley County, 0101 - Schley Middle High School,55.26
724,Screven County, 0197 - Screven County Middle School,80.53
724,Screven County, 0191 - Screven County Elementary School,80.56
724,Screven County, 4052 - Screven County High School,75.34
725,Seminole County, 0196 - Seminole County Middle/High School,92.2
725,Seminole County, 0296 - Seminole County Elementary School,92.21
786,Social Circle City, 0100 - Social Circle Primary School,60.68
786,Social Circle City, 0300 - Social Circle High School,48.92
786,Social Circle City, 0200 - Social Circle Elementary School,55.91
786,Social Circle City, 0103 - Social Circle Middle School,55.01
7820212,State Specialty Schools I- Cherokee Charter Academy, 0212 - Cherokee Charter Academy,14.83
7820412,State Specialty Schools I- Georgia Connections Academy (Virtual), 0412 - Georgia Connections Academy (Virtual),49.27
7820119,State Specialty Schools I- Graduation Achievement Center Charter High School, 0119 - Graduation Achievement Center Charter High School,84.2
7820312,State Specialty Schools I- Heritage Preparatory Academy School, 0312 - Heritage Preparatory Academy School,85.78
7820612,State Specialty Schools I- Ivy Preparatory Academy  Inc, 0612 - Ivy Preparatory Academy  Inc,79.65
7820512,State Specialty Schools I- Ivy Preparatory Young Men's Leadership Academy  Inc., 0512 - Ivy Preparatory Young Men's Leadership Academy  Inc.,75.76
7820108,State Specialty Schools I- Mountain Education High School, 0108 - Mountain Education High School,77.34
7820110,State Specialty Schools I- Odyssey Charter School, 0110 - Odyssey Charter School,63.65
7820112,State Specialty Schools I- Scholars Academy Charter School, 0112 - Scholars Academy Charter School,91.6
7830410,State Specialty Schools II- Atlanta Heights Charter School, 0410 - Atlanta Heights Charter School,92.46
7830610,State Specialty Schools II- Coweta Charter Academy, 0610 - Coweta Charter Academy,10.84
7830310,State Specialty Schools II- Fulton Leadership Academy, 0310 - Fulton Leadership Academy,62.12
7830110,State Specialty Schools II- Ivy Preparatory Academy at Gwinnett, 0110 - Ivy Preparatory Academy at Gwinnett,55.99
7830210,State Specialty Schools II- Pataula Charter Academy, 0210 - Pataula Charter Academy,70.57
7830103,State Specialty Schools II- Statesboro STEAM Academy, 0103 - Statesboro STEAM Academy,41.03
727,Stephens County, 0295 - Eastanollee Elementary School,76.3
727,Stephens County, 0197 - Toccoa Elementary School,76.15
727,Stephens County, 0195 - Big A Elementary School,76.26
727,Stephens County, 0187 - Liberty Elementary School,76.2
727,Stephens County, 0104 - Stephens County Middle School,76.21
727,Stephens County, 5050 - Stephens County High School,53.87
728,Stewart County, 0201 - Stewart County High School,88.46
728,Stewart County, 0101 - Stewart County Middle School,88.6
728,Stewart County, 0192 - Stewart County Elementary School,92.19
729,Sumter County, 0100 - Sumter County Primary School,88.56
729,Sumter County, 0105 - Americus Sumter High School (Old Americus-Sumter HS S),78.95
729,Sumter County, 0188 - Sumter County Elementary School,83.01
729,Sumter County, 0595 - Sumter County Intermediate School,91.86
729,Sumter County, 0205 - Americus Sumter 9th Grade Academy,86.9
729,Sumter County, 0395 - Sumter County Early Learning Center (Old Sarah Cobb ES),*
729,Sumter County, 0190 - Sumter County Middle School,81.01
730,Talbot County, 0190 - Central Elementary/High School,89.64
731,Taliaferro County, 0102 - Taliaferro County School,93.58
732,Tattnall County, 0101 - North Tattnall Middle School,88.71
732,Tattnall County, 0501 - Glennville Elementary School,88.69
732,Tattnall County, 0401 - Collins Middle School,88.82
732,Tattnall County, 0301 - Collins Elementary School ,88.85
732,Tattnall County, 0194 - Tattnall County High School,88.68
732,Tattnall County, 0201 - South Tattnall Middle School,88.55
732,Tattnall County, 0601 - Reidsville Elementary School,88.7
733,Taylor County, 0205 - Taylor County Middle School,69.72
733,Taylor County, 0107 - Georgia Center,*
733,Taylor County, 0201 - Taylor County High School,75.84
733,Taylor County, 0105 - Taylor County Elementary,76
733,Taylor County, 0104 - Taylor County Primary School,85.63
734,Telfair County, 0201 - Telfair County High School,93.74
734,Telfair County, 0104 - Telfair County Elementary,93.82
734,Telfair County, 0101 - Telfair County Middle School,93.82
735,Terrell County, 0105 - Terrell High School,79.29
735,Terrell County, 2050 - Old Cooper Primary School,78.39
735,Terrell County, 1050 - Carver Elementary School,89.91
735,Terrell County, 0109 - Terrell Middle School,81.42
736,Thomas County, 5050 - Garrison-Pilcher Elementary School,82.55
736,Thomas County, 0194 - Cross Creek Elementary School,82.54
736,Thomas County, 0191 - Thomas County Central High School,53.53
736,Thomas County, 0105 - Hand In Hand Primary,82.59
736,Thomas County, 0100 - Bishop Hall,82.33
736,Thomas County, 0205 - Thomas County Middle School,82.5
745,Thomaston-Upson County, 0195 - Upson-Lee High School,62.75
745,Thomaston-Upson County, 0295 - Upson-Lee Elementary School,71.64
745,Thomaston-Upson County, 0395 - Upson-Lee Middle School,71.79
745,Thomaston-Upson County, 0105 - Upson-Lee Primary School,75.55
789,Thomasville City, 4050 - Harper Elementary School,70.93
789,Thomasville City, 4052 - Thomasville High School,36.52
789,Thomasville City, 3050 - MacIntyre Park Middle School,44.18
789,Thomasville City, 5050 - Jerger Elementary School,32.51
789,Thomasville City, 3052 - Scott Elementary School,68.86
737,Tift County, 0104 - Annie Belle Clark Elementary School,94.71
737,Tift County, 0173 - G. O. Bailey Elementary School,94.62
737,Tift County, 0299 - Eighth Street Middle School,94.77
737,Tift County, 0199 - Tift County High School,94.74
737,Tift County, 5050 - Charles Spencer Elementary School,94.79
737,Tift County, 4052 - Matt Wilson Elementary School,94.79
737,Tift County, 4050 - Omega Elementary School,94.65
737,Tift County, 3052 - Northeast Middle School,94.64
737,Tift County, 3050 - Northside Elementary School,94.76
737,Tift County, 2050 - Len Lastinger Elementary School,94.72
737,Tift County, 1052 - J. T. Reddick Elementary School,94.79
738,Toombs County, 4050 - Toombs Central Elementary School,*
738,Toombs County, 0192 - Toombs County High School,*
738,Toombs County, 0204 - Lyons Upper Elementary,*
738,Toombs County, 0104 - Lyons Primary School,*
738,Toombs County, 0103 - Toombs County Middle School,*
739,Towns County, 0204 - Towns County High School,51.37
739,Towns County, 0103 - Towns County Elementary School,61.56
739,Towns County, 0104 - Towns County Middle School,57.84
740,Treutlen County, 0213 - Treutlen Middle/High School,*
740,Treutlen County, 0113 - Treutlen Elementary School,*
791,Trion City, 0301 - Trion High School,32.47
791,Trion City, 0101 - Trion Elementary School,49.83
791,Trion City, 0201 - Trion Middle School,47.14
741,Troup County, 4050 - Mountville Elementary School,74.91
741,Troup County, 3050 - Hillcrest Elementary School,57.71
741,Troup County, 5052 - Berta Weathersbee Elementary School,*
741,Troup County, 5050 - Rosemont Elementary School,52.51
741,Troup County, 0109 - Callaway Elementary School,73.97
741,Troup County, 0189 - Long Cane Elementary School,50.97
741,Troup County, 0187 - West Point Elementary School,82.98
741,Troup County, 1052 - LaGrange High School,49.02
741,Troup County, 0597 - Ethel W. Kight Elementary School,76.81
741,Troup County, 0497 - Whitesville Road Elementary School,93
741,Troup County, 0297 - Long Cane Middle School,62.97
741,Troup County, 0387 - Troup County High School,57.34
741,Troup County, 0397 - Hogansville Elementary School,83
741,Troup County, 0207 - Bradfield Center - Ault Academy,*
741,Troup County, 0205 - Franklin Forest Elementary,73.5
741,Troup County, 0204 - Callaway Middle School,73.22
741,Troup County, 0201 - Callaway High School,63.65
741,Troup County, 0194 - Hollis Hand Elementary School,50.94
741,Troup County, 0191 - Gardner-Newman Middle School,63.71
742,Turner County, 0190 - Turner County Middle School,*
742,Turner County, 0196 - Turner County Elementary School,*
742,Turner County, 1050 - Z - Turner County Specialty School,*
742,Turner County, 3050 - Turner County High School,*
743,Twiggs County, 0114 - Jeffersonville School,92.86
743,Twiggs County, 0107 - Jeffersonville Elementary,94.03
743,Twiggs County, 0201 - Twiggs County High School,93.8
743,Twiggs County, 0207 - Twiggs Middle School,94.03
744,Union County, 0101 - Union County High School,53.71
744,Union County, 0103 - Union County Elementary School,64.4
744,Union County, 3050 - Woody Gap High/Elementary School,71.05
744,Union County, 1050 - Union County Primary School,64.32
744,Union County, 0108 - Union County Middle School,57.23
792,Valdosta City, 0101 - Sallas Mahone Elementary,*
792,Valdosta City, 0195 - Newbern Middle School,*
792,Valdosta City, 0273 - Valdosta High School,*
792,Valdosta City, 1052 - W.G. Nunn Elementary,*
792,Valdosta City, 2052 - Pinevale Elementary School,*
792,Valdosta City, 0309 - S.L. Mason Elementary School,*
792,Valdosta City, 0106 - J. L. Lomax Elementary School,*
792,Valdosta City, 0103 - Valdosta Middle School,*
793,Vidalia City, 0273 - Vidalia Comprehensive High School,57.47
793,Vidalia City, 2050 - J. D. Dickerson Primary School,75.86
793,Vidalia City, 5050 - Sally Dailey Meadows Elementary School,71.5
793,Vidalia City, 0173 - J. R. Trippe Middle School,63.87
746,Walker County, 0200 - North LaFayette Elementary School,63.42
746,Walker County, 0194 - Rossville Elementary School,90.1
746,Walker County, 2052 - Fairyland Elementary School,28.64
746,Walker County, 2056 - Naomi Elementary School,87.37
746,Walker County, 0206 - Rossville Middle School,88.2
746,Walker County, 0190 - Ridgeland High School,70.57
746,Walker County, 0180 - LaFayette Middle School,70.38
746,Walker County, 0106 - Chattanooga Valley Middle School,70.13
746,Walker County, 0100 - Rock Spring Elementary School,62.89
746,Walker County, 5052 - Stone Creek Elementary School,81.84
746,Walker County, 4050 - Chattanooga Valley Elementary School,69.22
746,Walker County, 0199 - Cherokee Ridge Elementary,80.44
746,Walker County, 0198 - LaFayette High School,62.87
746,Walker County, 0195 - Gilbert Elementary School,88.58
746,Walker County, 0114 - Saddle Ridge Elementary and Middle School,68.34
747,Walton County, 0108 - Sharon Elementary School,37.03
747,Walton County, 0202 - Youth Elementary School,39
747,Walton County, 0176 - Bay Creek Elementary School,41.48
747,Walton County, 0112 - Harmony Elementary School,82.73
747,Walton County, 0199 - Loganville High School,36.06
747,Walton County, 0105 - Monroe Elementary,77.73
747,Walton County, 0102 - Youth Middle School,47.75
747,Walton County, 0101 - Atha Road Elementary School,61.9
747,Walton County, 2052 - Walker Park Elementary School,51.79
747,Walton County, 0111 - Walnut Grove High School,40.32
747,Walton County, 0291 - Loganville Middle School,40.04
747,Walton County, 0205 - Monroe Area High School,60.87
747,Walton County, 0195 - Walnut Grove Elementary School,50.68
747,Walton County, 0193 - Carver Middle School,70.5
747,Walton County, 0191 - Loganville Elementary School,59.09
748,Ware County, 3050 - Memorial Drive Elementary School,80.72
748,Ware County, 5050 - Wacona Elementary School,74.89
748,Ware County, 0196 - Williams Heights Elementary School,65.28
748,Ware County, 0295 - Waycross Middle School,67.18
748,Ware County, 0396 - Ruskin Elementary School,87.19
748,Ware County, 0195 - Ware County High School,60.24
748,Ware County, 3052 - Waresboro Elementary School,81.97
748,Ware County, 0395 - Ware County Middle School,70.55
748,Ware County, 0296 - Center Elementary School,76.61
749,Warren County, 0105 - Warren County Middle School,89.78
749,Warren County, 0205 - Warren County High School,90.78
749,Warren County, 3050 - Freeman Elementary School,92.31
750,Washington County, 4050 - Ridge Road Elementary School,92.54
750,Washington County, 1052 - Washington County High School,71.81
750,Washington County, 0199 - T. J. Elder Middle School,71.87
750,Washington County, 2050 - Ridge Road Primary School,92.64
751,Wayne County, 0394 - Martha Rawls Smith Elementary School,78.42
751,Wayne County, 0294 - Arthur Williams Middle School,67.62
751,Wayne County, 0194 - Martha Puckett Middle School,65.92
751,Wayne County, 0101 - Wayne County High School,57.21
751,Wayne County, 3050 - Odum Elementary School,53.52
751,Wayne County, 0494 - Bacon Elementary School,75.25
751,Wayne County, 1050 - Jesup Elementary School,72.8
751,Wayne County, 1052 - Screven Elementary School,70.45
752,Webster County, 0104 - Webster County Elementary/Middle School,81.75
752,Webster County, 0108 - Webster County High School,75.83
753,Wheeler County, 1052 - Wheeler County Elementary School,76.91
753,Wheeler County, 3052 - Wheeler County High School,74.29
754,White County, 0105 - White County High School,44.05
754,White County, 0174 - White County Middle School,60.72
754,White County, 0204 - White County 9th Grade Academy,55.49
754,White County, 0200 - Jack P Nix Elementary School,64.4
754,White County, 0109 - Mossy Creek Elementary School,70.2
754,White County, 0104 - Mount Yonah Elementary School,54.89
754,White County, 0100 - Tesnatee Gap Elementary (Old White Co. Intermediate),60.89
755,Whitfield County, 0211 - Cedar Ridge Elementary,90.22
755,Whitfield County, 0112 - Coahulla Creek High School,61.99
755,Whitfield County, 0775 - Westside Middle School,51.63
755,Whitfield County, 1050 - Antioch Elementary School,94.15
755,Whitfield County, 1052 - Eastside Elementary School,94.61
755,Whitfield County, 1054 - Varnell Elementary School,65.56
755,Whitfield County, 2050 - Cohutta Elementary School,69
755,Whitfield County, 2052 - Pleasant Grove Elementary School,82.98
755,Whitfield County, 0212 - Phoenix High School,75.6
755,Whitfield County, 0106 - New Hope Middle School,64
755,Whitfield County, 0175 - Northwest Whitfield County High School,52.14
755,Whitfield County, 0199 - New Hope Elementary School,60.76
755,Whitfield County, 2054 - Westside Elementary School,53.63
755,Whitfield County, 3050 - Dawnville Elementary School,89.58
755,Whitfield County, 3052 - Tunnel Hill Elementary School,60.79
755,Whitfield County, 4050 - Dug Gap Elementary School,81.88
755,Whitfield County, 4052 - Valley Point Elementary School,86.53
755,Whitfield County, 0206 - Beaverdale Elementary School,63.7
755,Whitfield County, 0275 - Southeast Whitfield County High School,75.37
755,Whitfield County, 0475 - Eastbrook Middle School,91.65
755,Whitfield County, 0575 - North Whitfield Middle School,70.34
755,Whitfield County, 0675 - Valley Point Middle School,81.94
756,Wilcox County, 0201 - Wilcox County High School,74.85
756,Wilcox County, 0101 - Wilcox County Middle School,74.52
756,Wilcox County, 0195 - Wilcox County Elementary School,77.06
757,Wilkes County, 0210 - Washington-Wilkes Middle School,93.85
757,Wilkes County, 0110 - Washington-Wilkes Comprehensive High School,93.72
757,Wilkes County, 0205 - Washington-Wilkes Elementary School,93.6
757,Wilkes County, 0105 - Washington-Wilkes Primary School,93.74
758,Wilkinson County, 0175 - Wilkinson County Elementary School,88.82
758,Wilkinson County, 0275 - Wilkinson County Middle School,84.75
758,Wilkinson County, 3050 - Wilkinson County High School,80.58
758,Wilkinson County, 1050 - Wilkinson County Primary School,89.87
759,Worth County, 0193 - Worth County Middle School,72.66
759,Worth County, 0111 - Worth County Elementary School,74.27
759,Worth County, 0176 - Worth County High School,62.42
759,Worth County, 0196 - Worth County Primary School,77.95
 ,,,
Notice: ,,,
"-""*"" indicates Free and Reduced Lunch (FRL) percentage is either greater than 95% or less than 5%.",,,
"-""NA"" indicates school does not participate in the FRL program.",,,